<ImportExportXml xmlns:xsi="http://www.w3.org/2001/XMLSchema-instance">
  <Entities>
    <Entity>
      <Name LocalizedName="Account" OriginalName="">Account</Name>
      <FormXml>
        <forms type="main">
          <systemform>
            <formid>{7a0ea9e9-fcb8-45ca-b24f-b8c2b6980eb5}</formid>
            <IntroducedVersion>1.0.0.0</IntroducedVersion>
            <FormPresentation>1</FormPresentation>
            <FormActivationState>1</FormActivationState>
            <form showImage="true" shownavigationbar="true" maxWidth="1920">
              <tabs>
                <tab id="{4e026dd6-1a7a-bc91-20cd-169d0d451466}" name="tab_administrative" expanded="true" showlabel="true" locklevel="0" IsUserDefined="0" labelid="{01d67650-5e48-45c5-9a4b-593dff0b8611}" ordinalvalue="6">
                  <columns>
                    <column width="100%" id="0">
                      <sections>
                        <section id="{ca811eba-4a49-4b59-a7d2-a7570ab7d089}" name="tab_3_section_1" showlabel="false" locklevel="0" IsUserDefined="0" celllabelposition="Left" labelwidth="115" columns="1111" layout="varwidth" showbar="false" celllabelalignment="Left" labelid="{7b845325-99f8-40d7-b2cd-85dfbc19447b}" ordinalvalue="0">
                          <rows>
                            <row>
                              <cell id="{7b02b78e-38ec-aadd-de62-57d3ed807454}" showlabel="true" locklevel="0" labelid="{952bae95-e457-4643-8aa0-446556c5ecde}" ordinalvalue="10004">
                                <control disabled="false" id="ownerid" classid="{270BD3DB-D9AF-4782-9025-509E298DEC0A}" datafieldname="ownerid" uniqueid="{7d2d266c-62ba-d05c-8e02-70838ab65344}" solutionaction="Modified" />
                              </cell>
                            </row>
                          </rows>
                        </section>
                      </sections>
                    </column>
                  </columns>
                </tab>
                <tab name="tab_10" id="{185678a2-c6be-d8d7-151d-3b25ab3a7b5a}" IsUserDefined="0" locklevel="0" showlabel="true" expanded="false" ordinalvalue="7" solutionaction="Added">
                  <labels>
                    <label description="LinkedIn Sales Navigator" languagecode="1033" />
                  </labels>
                  <columns>
                    <column width="34%" id="0">
                      <sections>
                        <section name="tab_10_section_1" showlabel="true" showbar="false" locklevel="0" id="{9214d446-8815-126e-77c5-8d8c6429d613}" IsUserDefined="0" layout="varwidth" columns="1" labelwidth="115" celllabelalignment="Left" celllabelposition="Left" ordinalvalue="0">
                          <labels>
                            <label description="LinkedIn Account Profile" languagecode="1033" />
                          </labels>
                          <rows>
                            <row>
                              <cell id="{31edc3d0-69e0-1d3e-4579-dba208b145d1}" showlabel="false" locklevel="0" ordinalvalue="10000">
                                <labels>
                                  <label description="Account Name" languagecode="1033" />
                                </labels>
                                <control id="name" classid="{F9A8A302-114E-466A-B582-6771B2AE0D92}" datafieldname="name" disabled="false" uniqueid="{d2364194-ba5e-c671-d0e3-a62c7d42bb70}" />
                              </cell>
                            </row>
                          </rows>
                        </section>
                      </sections>
                    </column>
                    <column width="33%" id="1">
                      <sections>
                        <section name="tab_10_section_2" showlabel="true" showbar="false" locklevel="0" id="{41769c91-8a91-d4db-d19c-016d3a972be7}" IsUserDefined="0" layout="varwidth" columns="1" labelwidth="115" celllabelalignment="Left" celllabelposition="Left" ordinalvalue="0">
                          <labels>
                            <label description="LinkedIn Account Profile" languagecode="1033" />
                          </labels>
                          <rows>
                            <row>
                              <cell id="{1e1db24d-d246-4e28-ed4e-0216566e0062}" showlabel="false" locklevel="0" ordinalvalue="10000">
                                <labels>
                                  <label description="Primary Contact" languagecode="1033" />
                                </labels>
                                <control id="primarycontactid" classid="{F9A8A302-114E-466A-B582-6771B2AE0D92}" datafieldname="primarycontactid" disabled="false" uniqueid="{75837822-186c-3617-9528-75ac06349ee4}">
                                  <parameters>
                                    <AutoResolve>true</AutoResolve>
                                    <DisableMru>false</DisableMru>
                                    <DisableQuickFind>false</DisableQuickFind>
                                    <DisableViewPicker>false</DisableViewPicker>
                                    <DefaultViewId>{A2D479C5-53E3-4C69-ADDD-802327E67A0D}</DefaultViewId>
                                    <AllowFilterOff>false</AllowFilterOff>
                                  </parameters>
                                </control>
                              </cell>
                            </row>
                          </rows>
                        </section>
                      </sections>
                    </column>
                    <column width="33%" id="2">
                      <sections>
                        <section name="tab_10_section_3" showlabel="true" showbar="false" locklevel="0" id="{3addbb23-6bae-7d16-b4ca-ec7c8b9525d4}" IsUserDefined="0" layout="varwidth" columns="1" labelwidth="115" celllabelalignment="Left" celllabelposition="Left" ordinalvalue="0">
                          <labels>
                            <label description="LinkedIn InMail" languagecode="1033" />
                          </labels>
                          <rows>
                            <row>
                              <cell id="{1ba75147-4073-70bc-8158-c505238e765c}" showlabel="false" locklevel="0" ordinalvalue="10000">
                                <labels>
                                  <label description="Primary Contact" languagecode="1033" />
                                </labels>
                                <control id="primarycontactid" classid="{F9A8A302-114E-466A-B582-6771B2AE0D92}" datafieldname="primarycontactid" disabled="false" uniqueid="{d4678327-a68c-7207-9566-103d65ae829b}">
                                  <parameters>
                                    <AutoResolve>true</AutoResolve>
                                    <DisableMru>false</DisableMru>
                                    <DisableQuickFind>false</DisableQuickFind>
                                    <DisableViewPicker>false</DisableViewPicker>
                                    <DefaultViewId>{A2D479C5-53E3-4C69-ADDD-802327E67A0D}</DefaultViewId>
                                    <AllowFilterOff>false</AllowFilterOff>
                                  </parameters>
                                </control>
                              </cell>
                            </row>
                          </rows>
                        </section>
                      </sections>
                    </column>
                  </columns>
                </tab>
              </tabs>
              <controlDescriptions>
                <controlDescription forControl="{d2364194-ba5e-c671-d0e3-a62c7d42bb70}" solutionaction="Added">
                  <customControl id="{4273EDBD-AC1D-40d3-9FB2-095C621B552D}" formFactor="0">
                    <parameters>
                      <datafieldname>name</datafieldname>
                    </parameters>
                  </customControl>
                  <customControl id="{4273EDBD-AC1D-40d3-9FB2-095C621B552D}" formFactor="1">
                    <parameters>
                      <datafieldname>name</datafieldname>
                    </parameters>
                  </customControl>
                  <customControl formFactor="2" name="MscrmControls.LinkedInIntegration.LinkedInAccountControl">
                    <parameters>
                      <TopCard static="true" type="Enum">true</TopCard>
                      <Connections static="true" type="Enum">true</Connections>
                      <RecommendedLeads static="true" type="Enum">true</RecommendedLeads>
                      <News static="true" type="Enum">true</News>
                      <ShowChrome static="true" type="Enum">false</ShowChrome>
                      <CompanyName>name</CompanyName>
                      <CompanyWebsite>websiteurl</CompanyWebsite>
                    </parameters>
                  </customControl>
                </controlDescription>
                <controlDescription forControl="{75837822-186c-3617-9528-75ac06349ee4}" solutionaction="Added">
                  <customControl id="{270BD3DB-D9AF-4782-9025-509E298DEC0A}" formFactor="0">
                    <parameters>
                      <datafieldname>primarycontactid</datafieldname>
                    </parameters>
                  </customControl>
                  <customControl id="{270BD3DB-D9AF-4782-9025-509E298DEC0A}" formFactor="1">
                    <parameters>
                      <datafieldname>primarycontactid</datafieldname>
                    </parameters>
                  </customControl>
                  <customControl formFactor="2" name="MscrmControls.LinkedInIntegration.LinkedInLeadLookupControl">
                    <parameters>
                      <TopCard2 static="true" type="Enum">true</TopCard2>
                      <Icebreakers static="true" type="Enum">true</Icebreakers>
                      <GetIntroduced static="true" type="Enum">true</GetIntroduced>
                      <RelatedLeads static="true" type="Enum">true</RelatedLeads>
                      <ShowChrome static="true" type="Enum">false</ShowChrome>
                      <Messaging static="true" type="Enum">false</Messaging>
                      <ContactRecordLookup>
                        <BindAttribute>primarycontactid</BindAttribute>
                        <DefaultViewId>{A2D479C5-53E3-4C69-ADDD-802327E67A0D}</DefaultViewId>
                        <FilterRelationshipName />
                        <DependentAttributeName />
                        <DependentAttributeType />
                        <AvailableViewIds />
                        <AllowFilterOff>false</AllowFilterOff>
                        <DisableQuickFind>false</DisableQuickFind>
                        <DisableViewPicker>false</DisableViewPicker>
                      </ContactRecordLookup>
                    </parameters>
                  </customControl>
                </controlDescription>
                <controlDescription forControl="{d4678327-a68c-7207-9566-103d65ae829b}" solutionaction="Added">
                  <customControl id="{270BD3DB-D9AF-4782-9025-509E298DEC0A}" formFactor="0">
                    <parameters>
                      <datafieldname>primarycontactid</datafieldname>
                    </parameters>
                  </customControl>
                  <customControl id="{270BD3DB-D9AF-4782-9025-509E298DEC0A}" formFactor="1">
                    <parameters>
                      <datafieldname>primarycontactid</datafieldname>
                    </parameters>
                  </customControl>
                  <customControl formFactor="2" name="MscrmControls.LinkedInIntegration.LinkedInLeadLookupControl">
                    <parameters>
                      <TopCard2 static="true" type="Enum">false</TopCard2>
                      <Icebreakers static="true" type="Enum">false</Icebreakers>
                      <GetIntroduced static="true" type="Enum">false</GetIntroduced>
                      <RelatedLeads static="true" type="Enum">false</RelatedLeads>
                      <ShowChrome static="true" type="Enum">true</ShowChrome>
                      <Messaging static="true" type="Enum">false</Messaging>
                      <ContactRecordLookup>
                        <BindAttribute>primarycontactid</BindAttribute>
                        <DefaultViewId>{A2D479C5-53E3-4C69-ADDD-802327E67A0D}</DefaultViewId>
                        <FilterRelationshipName />
                        <DependentAttributeName />
                        <DependentAttributeType />
                        <AvailableViewIds />
                        <AllowFilterOff>false</AllowFilterOff>
                        <DisableQuickFind>false</DisableQuickFind>
                        <DisableViewPicker>false</DisableViewPicker>
                      </ContactRecordLookup>
                    </parameters>
                  </customControl>
                </controlDescription>
              </controlDescriptions>
            </form>
            <LocalizedNames>
              <LocalizedName description="Fundraising: Organization" languagecode="1033" />
            </LocalizedNames>
          </systemform>
        </forms>
      </FormXml>
      <RibbonDiffXml>
        <CustomActions />
        <Templates>
          <RibbonTemplates Id="Mscrm.Templates"></RibbonTemplates>
        </Templates>
        <CommandDefinitions />
        <RuleDefinitions>
          <TabDisplayRules />
          <DisplayRules />
          <EnableRules />
        </RuleDefinitions>
        <LocLabels />
      </RibbonDiffXml>
    </Entity>
    <Entity>
      <Name LocalizedName="Contact" OriginalName="">Contact</Name>
      <FormXml>
        <forms type="main">
          <systemform>
            <formid>{67cc8726-db9b-445e-88ee-171fe5388f87}</formid>
            <IntroducedVersion>1.0.0.0</IntroducedVersion>
            <FormPresentation>1</FormPresentation>
            <FormActivationState>1</FormActivationState>
            <form showImage="true" shownavigationbar="true" maxWidth="1920">
              <tabs>
                <tab name="tab_8" id="{53cb2b14-153e-66c1-55e8-a7bd299ab6a7}" IsUserDefined="0" locklevel="0" showlabel="true" expanded="true" ordinalvalue="7" solutionaction="Added">
                  <labels>
                    <label description="LinkedIn Sales Navigator" languagecode="1033" />
                  </labels>
                  <columns>
                    <column width="34%" id="0">
                      <sections>
                        <section name="tab_8_section_1" showlabel="true" showbar="false" locklevel="0" id="{7987b967-5142-dc8b-4505-a4466ae6226a}" IsUserDefined="0" layout="varwidth" columns="1" labelwidth="115" celllabelalignment="Left" celllabelposition="Left" ordinalvalue="0">
                          <labels>
                            <label description="LinkedIn Member Profile" languagecode="1033" />
                          </labels>
                          <rows>
                            <row>
                              <cell id="{0430006b-d722-1008-e634-0e930dd95234}" showlabel="false" locklevel="0" ordinalvalue="10000">
                                <labels>
                                  <label description="Last Name" languagecode="1033" />
                                </labels>
                                <control id="lastname" classid="{F9A8A302-114E-466A-B582-6771B2AE0D92}" datafieldname="lastname" disabled="false" uniqueid="{6275cd65-0a46-9397-06bd-c12142cd827d}" />
                              </cell>
                            </row>
                          </rows>
                        </section>
                      </sections>
                    </column>
                    <column width="33%" id="1">
                      <sections>
                        <section name="tab_8_section_2" showlabel="true" showbar="false" locklevel="0" id="{4a1e85ed-47a1-0bda-b333-b33a5cc90254}" IsUserDefined="0" layout="varwidth" columns="1" labelwidth="115" celllabelalignment="Left" celllabelposition="Left" ordinalvalue="0">
                          <labels>
                            <label description="LinkedIn Account Profile" languagecode="1033" />
                          </labels>
                          <rows>
                            <row>
                              <cell id="{705eb289-01d3-ca88-096c-ae24277336ce}" showlabel="false" locklevel="0" ordinalvalue="10000">
                                <labels>
                                  <label description="Company" languagecode="1033" />
                                </labels>
                                <control id="parentcustomerid" classid="{F9A8A302-114E-466A-B582-6771B2AE0D92}" datafieldname="parentcustomerid" disabled="false" uniqueid="{a47212a5-0716-1e2c-41a5-844462ce009a}">
                                  <parameters>
                                    <AutoResolve>true</AutoResolve>
                                    <DisableMru>false</DisableMru>
                                  </parameters>
                                </control>
                              </cell>
                            </row>
                          </rows>
                        </section>
                      </sections>
                    </column>
                    <column width="33%" id="2">
                      <sections>
                        <section name="tab_8_section_3" showlabel="true" showbar="false" locklevel="0" id="{e175e514-13c1-08ae-5d59-d67ee6754de1}" IsUserDefined="0" layout="varwidth" columns="1" labelwidth="115" celllabelalignment="Left" celllabelposition="Left" ordinalvalue="0">
                          <labels>
                            <label description="LinkedIn InMail" languagecode="1033" />
                          </labels>
                          <rows>
                            <row>
                              <cell id="{2b8ed1a3-db62-8e60-a3d4-ee52895aeaee}" showlabel="false" locklevel="0" ordinalvalue="10000">
                                <labels>
                                  <label description="Last Name" languagecode="1033" />
                                </labels>
                                <control id="lastname" classid="{F9A8A302-114E-466A-B582-6771B2AE0D92}" datafieldname="lastname" disabled="false" uniqueid="{71523bed-8554-3d92-9d3d-6b584555e430}" />
                              </cell>
                            </row>
                          </rows>
                        </section>
                      </sections>
                    </column>
                  </columns>
                </tab>
              </tabs>
              <Navigation>
                <NavBar />
              </Navigation>
              <controlDescriptions>
                <controlDescription forControl="{6275cd65-0a46-9397-06bd-c12142cd827d}" solutionaction="Added">
                  <customControl id="{4273EDBD-AC1D-40d3-9FB2-095C621B552D}" formFactor="0">
                    <parameters>
                      <datafieldname>lastname</datafieldname>
                    </parameters>
                  </customControl>
                  <customControl id="{4273EDBD-AC1D-40d3-9FB2-095C621B552D}" formFactor="1">
                    <parameters>
                      <datafieldname>lastname</datafieldname>
                    </parameters>
                  </customControl>
                  <customControl formFactor="2" name="MscrmControls.LinkedInIntegration.LinkedInLeadControl">
                    <parameters>
                      <TopCard2 static="true" type="Enum">true</TopCard2>
                      <Icebreakers static="true" type="Enum">true</Icebreakers>
                      <GetIntroduced static="true" type="Enum">true</GetIntroduced>
                      <RelatedLeads static="true" type="Enum">true</RelatedLeads>
                      <ShowChrome static="true" type="Enum">false</ShowChrome>
                      <Messaging static="true" type="Enum">false</Messaging>
                      <LastName>lastname</LastName>
                      <FirstName>firstname</FirstName>
                      <Email>emailaddress1</Email>
                      <JobTitle>jobtitle</JobTitle>
                    </parameters>
                  </customControl>
                </controlDescription>
                <controlDescription forControl="{a47212a5-0716-1e2c-41a5-844462ce009a}" solutionaction="Added">
                  <customControl id="{270BD3DB-D9AF-4782-9025-509E298DEC0A}" formFactor="0">
                    <parameters>
                      <datafieldname>parentcustomerid</datafieldname>
                    </parameters>
                  </customControl>
                  <customControl id="{270BD3DB-D9AF-4782-9025-509E298DEC0A}" formFactor="1">
                    <parameters>
                      <datafieldname>parentcustomerid</datafieldname>
                    </parameters>
                  </customControl>
                  <customControl formFactor="2" name="MscrmControls.LinkedInIntegration.LinkedInAccountLookupControl">
                    <parameters>
                      <TopCard static="true" type="Enum">true</TopCard>
                      <Connections static="true" type="Enum">true</Connections>
                      <RecommendedLeads static="true" type="Enum">true</RecommendedLeads>
                      <News static="true" type="Enum">true</News>
                      <ShowChrome static="true" type="Enum">false</ShowChrome>
                      <CompanyRecordLookup>
                        <BindAttribute>parentcustomerid</BindAttribute>
                        <DefaultViewId>00000000-0000-0000-0000-000000000000</DefaultViewId>
                        <FilterRelationshipName />
                        <DependentAttributeName />
                        <DependentAttributeType />
                        <AvailableViewIds />
                        <AllowFilterOff>false</AllowFilterOff>
                        <DisableQuickFind>true</DisableQuickFind>
                        <DisableViewPicker>false</DisableViewPicker>
                      </CompanyRecordLookup>
                    </parameters>
                  </customControl>
                </controlDescription>
                <controlDescription forControl="{71523bed-8554-3d92-9d3d-6b584555e430}" solutionaction="Added">
                  <customControl id="{4273EDBD-AC1D-40d3-9FB2-095C621B552D}" formFactor="0">
                    <parameters>
                      <datafieldname>lastname</datafieldname>
                    </parameters>
                  </customControl>
                  <customControl id="{4273EDBD-AC1D-40d3-9FB2-095C621B552D}" formFactor="1">
                    <parameters>
                      <datafieldname>lastname</datafieldname>
                    </parameters>
                  </customControl>
                  <customControl formFactor="2" name="MscrmControls.LinkedInIntegration.LinkedInLeadControl">
                    <parameters>
                      <TopCard2 static="true" type="Enum">false</TopCard2>
                      <Icebreakers static="true" type="Enum">false</Icebreakers>
                      <GetIntroduced static="true" type="Enum">false</GetIntroduced>
                      <RelatedLeads static="true" type="Enum">false</RelatedLeads>
                      <ShowChrome static="true" type="Enum">true</ShowChrome>
                      <Messaging static="true" type="Enum">false</Messaging>
                      <LastName>lastname</LastName>
                      <FirstName>firstname</FirstName>
                      <Email>emailaddress1</Email>
                      <JobTitle>jobtitle</JobTitle>
                    </parameters>
                  </customControl>
                </controlDescription>
              </controlDescriptions>
            </form>
            <LocalizedNames>
              <LocalizedName description="Fundraising: Contact" languagecode="1033" />
            </LocalizedNames>
          </systemform>
        </forms>
      </FormXml>
      <RibbonDiffXml>
        <CustomActions />
        <Templates>
          <RibbonTemplates Id="Mscrm.Templates"></RibbonTemplates>
        </Templates>
        <CommandDefinitions />
        <RuleDefinitions>
          <TabDisplayRules />
          <DisplayRules />
          <EnableRules />
        </RuleDefinitions>
        <LocLabels />
      </RibbonDiffXml>
    </Entity>
    <Entity>
      <Name LocalizedName="Opportunity" OriginalName="Opportunity">Opportunity</Name>
      <FormXml>
        <forms type="main">
          <systemform>
            <formid>{21708dfd-cee1-4f94-8398-5c48ed0abce9}</formid>
            <IntroducedVersion>1.0.0.0</IntroducedVersion>
            <FormPresentation>1</FormPresentation>
            <FormActivationState>1</FormActivationState>
            <form shownavigationbar="true" showImage="false" maxWidth="1920">
              <tabs>
                <tab name="tab_11" id="{15556a93-12c9-e562-5459-79ea1e5abd06}" IsUserDefined="0" locklevel="0" showlabel="true" expanded="true" ordinalvalue="8" solutionaction="Added">
                  <labels>
                    <label description="LinkedIn Sales Navigator" languagecode="1033" />
                  </labels>
                  <columns>
                    <column width="34%" id="0">
                      <sections>
                        <section name="tab_11_section_1" showlabel="true" showbar="false" locklevel="0" id="{64a2b472-918b-66d5-4897-5e26054e0175}" IsUserDefined="0" layout="varwidth" columns="1" labelwidth="115" celllabelalignment="Left" celllabelposition="Left" ordinalvalue="0">
                          <labels>
                            <label description="LinkedIn Member Profile" languagecode="1033" />
                          </labels>
                          <rows>
                            <row>
                              <cell id="{475203d3-221d-5610-14ab-6524029e398d}" showlabel="false" locklevel="0" ordinalvalue="10000">
                                <labels>
                                  <label description="Contact" languagecode="1033" />
                                </labels>
                                <control id="parentcontactid" classid="{F9A8A302-114E-466A-B582-6771B2AE0D92}" datafieldname="parentcontactid" disabled="false" uniqueid="{33b813b5-d6c4-2278-a22a-621a14e64c6c}">
                                  <parameters>
                                    <AutoResolve>true</AutoResolve>
                                    <DisableMru>false</DisableMru>
                                    <DisableQuickFind>false</DisableQuickFind>
                                    <DisableViewPicker>false</DisableViewPicker>
                                    <DefaultViewId>{A2D479C5-53E3-4C69-ADDD-802327E67A0D}</DefaultViewId>
                                    <AllowFilterOff>false</AllowFilterOff>
                                  </parameters>
                                </control>
                              </cell>
                            </row>
                          </rows>
                        </section>
                      </sections>
                    </column>
                    <column width="33%" id="1">
                      <sections>
                        <section name="tab_11_section_2" showlabel="true" showbar="false" locklevel="0" id="{604094ae-05b5-285b-81dd-7e6619573c47}" IsUserDefined="0" layout="varwidth" columns="1" labelwidth="115" celllabelalignment="Left" celllabelposition="Left" ordinalvalue="0">
                          <labels>
                            <label description="LinkedIn Account Profile" languagecode="1033" />
                          </labels>
                          <rows>
                            <row>
                              <cell id="{315583ba-80e9-3429-459c-1de650a4c104}" showlabel="false" locklevel="0" ordinalvalue="10000">
                                <labels>
                                  <label description="Account" languagecode="1033" />
                                </labels>
                                <control id="parentaccountid" classid="{F9A8A302-114E-466A-B582-6771B2AE0D92}" datafieldname="parentaccountid" disabled="false" uniqueid="{77c8e700-4180-0495-e415-10ee6dba646e}">
                                  <parameters>
                                    <AutoResolve>true</AutoResolve>
                                    <DisableMru>false</DisableMru>
                                    <DisableQuickFind>false</DisableQuickFind>
                                    <DisableViewPicker>false</DisableViewPicker>
                                    <DefaultViewId>{A9AF0AB8-861D-4CFA-92A5-C6281FED7FAB}</DefaultViewId>
                                    <AllowFilterOff>false</AllowFilterOff>
                                  </parameters>
                                </control>
                              </cell>
                            </row>
                          </rows>
                        </section>
                      </sections>
                    </column>
                    <column width="33%" id="2">
                      <sections>
                        <section name="tab_11_section_3" showlabel="true" showbar="false" locklevel="0" id="{384ce244-688e-696b-bd5c-c0a06074b81b}" IsUserDefined="0" layout="varwidth" columns="1" labelwidth="115" celllabelalignment="Left" celllabelposition="Left" ordinalvalue="0">
                          <labels>
                            <label description="LinkedIn InMail" languagecode="1033" />
                          </labels>
                          <rows>
                            <row>
                              <cell id="{2c568ece-45bd-1725-d1bc-0861990b95a7}" showlabel="false" locklevel="0" ordinalvalue="10000">
                                <labels>
                                  <label description="Contact" languagecode="1033" />
                                </labels>
                                <control id="parentcontactid" classid="{F9A8A302-114E-466A-B582-6771B2AE0D92}" datafieldname="parentcontactid" disabled="false" uniqueid="{b2b42edd-35ca-15b0-2878-cd7dab922446}">
                                  <parameters>
                                    <AutoResolve>true</AutoResolve>
                                    <DisableMru>false</DisableMru>
                                    <DisableQuickFind>false</DisableQuickFind>
                                    <DisableViewPicker>false</DisableViewPicker>
                                    <DefaultViewId>{A2D479C5-53E3-4C69-ADDD-802327E67A0D}</DefaultViewId>
                                    <AllowFilterOff>false</AllowFilterOff>
                                  </parameters>
                                </control>
                              </cell>
                            </row>
                          </rows>
                        </section>
                      </sections>
                    </column>
                  </columns>
                </tab>
              </tabs>
              <controlDescriptions>
                <controlDescription forControl="{33b813b5-d6c4-2278-a22a-621a14e64c6c}" solutionaction="Added">
                  <customControl id="{270BD3DB-D9AF-4782-9025-509E298DEC0A}" formFactor="0">
                    <parameters>
                      <datafieldname>parentcontactid</datafieldname>
                    </parameters>
                  </customControl>
                  <customControl id="{270BD3DB-D9AF-4782-9025-509E298DEC0A}" formFactor="1">
                    <parameters>
                      <datafieldname>parentcontactid</datafieldname>
                    </parameters>
                  </customControl>
                  <customControl formFactor="2" name="MscrmControls.LinkedInIntegration.LinkedInLeadLookupControl">
                    <parameters>
                      <TopCard2 static="true" type="Enum">true</TopCard2>
                      <Icebreakers static="true" type="Enum">true</Icebreakers>
                      <GetIntroduced static="true" type="Enum">true</GetIntroduced>
                      <RelatedLeads static="true" type="Enum">true</RelatedLeads>
                      <ShowChrome static="true" type="Enum">false</ShowChrome>
                      <Messaging static="true" type="Enum">false</Messaging>
                      <ContactRecordLookup>
                        <BindAttribute>parentcontactid</BindAttribute>
                        <DefaultViewId>{A2D479C5-53E3-4C69-ADDD-802327E67A0D}</DefaultViewId>
                        <FilterRelationshipName />
                        <DependentAttributeName />
                        <DependentAttributeType />
                        <AvailableViewIds />
                        <AllowFilterOff>false</AllowFilterOff>
                        <DisableQuickFind>false</DisableQuickFind>
                        <DisableViewPicker>false</DisableViewPicker>
                      </ContactRecordLookup>
                    </parameters>
                  </customControl>
                </controlDescription>
                <controlDescription forControl="{77c8e700-4180-0495-e415-10ee6dba646e}" solutionaction="Added">
                  <customControl id="{270BD3DB-D9AF-4782-9025-509E298DEC0A}" formFactor="0">
                    <parameters>
                      <datafieldname>parentaccountid</datafieldname>
                    </parameters>
                  </customControl>
                  <customControl id="{270BD3DB-D9AF-4782-9025-509E298DEC0A}" formFactor="1">
                    <parameters>
                      <datafieldname>parentaccountid</datafieldname>
                    </parameters>
                  </customControl>
                  <customControl formFactor="2" name="MscrmControls.LinkedInIntegration.LinkedInAccountLookupControl">
                    <parameters>
                      <TopCard static="true" type="Enum">true</TopCard>
                      <Connections static="true" type="Enum">true</Connections>
                      <RecommendedLeads static="true" type="Enum">true</RecommendedLeads>
                      <News static="true" type="Enum">true</News>
                      <ShowChrome static="true" type="Enum">false</ShowChrome>
                      <CompanyRecordLookup>
                        <BindAttribute>parentaccountid</BindAttribute>
                        <DefaultViewId>{A9AF0AB8-861D-4CFA-92A5-C6281FED7FAB}</DefaultViewId>
                        <FilterRelationshipName />
                        <DependentAttributeName />
                        <DependentAttributeType />
                        <AvailableViewIds />
                        <AllowFilterOff>false</AllowFilterOff>
                        <DisableQuickFind>false</DisableQuickFind>
                        <DisableViewPicker>false</DisableViewPicker>
                      </CompanyRecordLookup>
                    </parameters>
                  </customControl>
                </controlDescription>
                <controlDescription forControl="{b2b42edd-35ca-15b0-2878-cd7dab922446}" solutionaction="Added">
                  <customControl id="{270BD3DB-D9AF-4782-9025-509E298DEC0A}" formFactor="0">
                    <parameters>
                      <datafieldname>parentcontactid</datafieldname>
                    </parameters>
                  </customControl>
                  <customControl id="{270BD3DB-D9AF-4782-9025-509E298DEC0A}" formFactor="1">
                    <parameters>
                      <datafieldname>parentcontactid</datafieldname>
                    </parameters>
                  </customControl>
                  <customControl formFactor="2" name="MscrmControls.LinkedInIntegration.LinkedInLeadLookupControl">
                    <parameters>
                      <TopCard2 static="true" type="Enum">false</TopCard2>
                      <Icebreakers static="true" type="Enum">false</Icebreakers>
                      <GetIntroduced static="true" type="Enum">false</GetIntroduced>
                      <RelatedLeads static="true" type="Enum">false</RelatedLeads>
                      <ShowChrome static="true" type="Enum">true</ShowChrome>
                      <Messaging static="true" type="Enum">false</Messaging>
                      <ContactRecordLookup>
                        <BindAttribute>parentcontactid</BindAttribute>
                        <DefaultViewId>{A2D479C5-53E3-4C69-ADDD-802327E67A0D}</DefaultViewId>
                        <FilterRelationshipName />
                        <DependentAttributeName />
                        <DependentAttributeType />
                        <AvailableViewIds />
                        <AllowFilterOff>false</AllowFilterOff>
                        <DisableQuickFind>false</DisableQuickFind>
                        <DisableViewPicker>false</DisableViewPicker>
                      </ContactRecordLookup>
                    </parameters>
                  </customControl>
                </controlDescription>
              </controlDescriptions>
            </form>
            <LocalizedNames>
              <LocalizedName description="Fundraising: Information" languagecode="1033" />
            </LocalizedNames>
          </systemform>
        </forms>
      </FormXml>
      <RibbonDiffXml>
        <CustomActions />
        <Templates>
          <RibbonTemplates Id="Mscrm.Templates"></RibbonTemplates>
        </Templates>
        <CommandDefinitions />
        <RuleDefinitions>
          <TabDisplayRules />
          <DisplayRules />
          <EnableRules />
        </RuleDefinitions>
        <LocLabels />
      </RibbonDiffXml>
    </Entity>
  </Entities>
  <Roles></Roles>
  <Workflows></Workflows>
  <FieldSecurityProfiles></FieldSecurityProfiles>
  <Templates />
  <EntityMaps />
  <EntityRelationships />
  <OrganizationSettings />
  <optionsets />
  <CustomControls />
  <EntityDataProviders />
  <Languages>
    <Language>1033</Language>
  </Languages>
</ImportExportXml>