<ImportExportXml version="9.1.0.26442" SolutionPackageVersion="9.1" languagecode="1033" generatedBy="CrmLive" xmlns:xsi="http://www.w3.org/2001/XMLSchema-instance">
  <SolutionManifest>
    <UniqueName>LinkedinSalesNavigator</UniqueName>
    <LocalizedNames>
      <LocalizedName description="Linkedin Sales Navigator" languagecode="1033" />
    </LocalizedNames>
    <Descriptions />
    <Version>1.0.0.0</Version>
    <Managed>1</Managed>
	  <Publisher>
		  <UniqueName>microsofttechforsocialimpact</UniqueName>
		  <LocalizedNames>
			  <LocalizedName description="Microsoft Tech for Social Impact" languagecode="1033" />
		  </LocalizedNames>
		  <Descriptions />
		  <EMailAddress xsi:nil="true"></EMailAddress>
		  <SupportingWebsiteUrl xsi:nil="true"></SupportingWebsiteUrl>
		  <CustomizationPrefix>msnfp</CustomizationPrefix>
		  <CustomizationOptionValuePrefix>84406</CustomizationOptionValuePrefix>
		  <Addresses>
			  <Address>
				  <AddressNumber>1</AddressNumber>
				  <AddressTypeCode>1</AddressTypeCode>
				  <City xsi:nil="true"></City>
				  <County xsi:nil="true"></County>
				  <Country xsi:nil="true"></Country>
				  <Fax xsi:nil="true"></Fax>
				  <FreightTermsCode xsi:nil="true"></FreightTermsCode>
				  <ImportSequenceNumber xsi:nil="true"></ImportSequenceNumber>
				  <Latitude xsi:nil="true"></Latitude>
				  <Line1 xsi:nil="true"></Line1>
				  <Line2 xsi:nil="true"></Line2>
				  <Line3 xsi:nil="true"></Line3>
				  <Longitude xsi:nil="true"></Longitude>
				  <Name xsi:nil="true"></Name>
				  <PostalCode xsi:nil="true"></PostalCode>
				  <PostOfficeBox xsi:nil="true"></PostOfficeBox>
				  <PrimaryContactName xsi:nil="true"></PrimaryContactName>
				  <ShippingMethodCode>1</ShippingMethodCode>
				  <StateOrProvince xsi:nil="true"></StateOrProvince>
				  <Telephone1 xsi:nil="true"></Telephone1>
				  <Telephone2 xsi:nil="true"></Telephone2>
				  <Telephone3 xsi:nil="true"></Telephone3>
				  <TimeZoneRuleVersionNumber xsi:nil="true"></TimeZoneRuleVersionNumber>
				  <UPSZone xsi:nil="true"></UPSZone>
				  <UTCOffset xsi:nil="true"></UTCOffset>
				  <UTCConversionTimeZoneCode xsi:nil="true"></UTCConversionTimeZoneCode>
			  </Address>
			  <Address>
				  <AddressNumber>2</AddressNumber>
				  <AddressTypeCode>1</AddressTypeCode>
				  <City xsi:nil="true"></City>
				  <County xsi:nil="true"></County>
				  <Country xsi:nil="true"></Country>
				  <Fax xsi:nil="true"></Fax>
				  <FreightTermsCode xsi:nil="true"></FreightTermsCode>
				  <ImportSequenceNumber xsi:nil="true"></ImportSequenceNumber>
				  <Latitude xsi:nil="true"></Latitude>
				  <Line1 xsi:nil="true"></Line1>
				  <Line2 xsi:nil="true"></Line2>
				  <Line3 xsi:nil="true"></Line3>
				  <Longitude xsi:nil="true"></Longitude>
				  <Name xsi:nil="true"></Name>
				  <PostalCode xsi:nil="true"></PostalCode>
				  <PostOfficeBox xsi:nil="true"></PostOfficeBox>
				  <PrimaryContactName xsi:nil="true"></PrimaryContactName>
				  <ShippingMethodCode>1</ShippingMethodCode>
				  <StateOrProvince xsi:nil="true"></StateOrProvince>
				  <Telephone1 xsi:nil="true"></Telephone1>
				  <Telephone2 xsi:nil="true"></Telephone2>
				  <Telephone3 xsi:nil="true"></Telephone3>
				  <TimeZoneRuleVersionNumber xsi:nil="true"></TimeZoneRuleVersionNumber>
				  <UPSZone xsi:nil="true"></UPSZone>
				  <UTCOffset xsi:nil="true"></UTCOffset>
				  <UTCConversionTimeZoneCode xsi:nil="true"></UTCConversionTimeZoneCode>
			  </Address>
		  </Addresses>
	  </Publisher>
    <RootComponents>
      <RootComponent type="1" schemaName="account" behavior="1" />
      <RootComponent type="1" schemaName="contact" behavior="1" />
      <RootComponent type="1" schemaName="opportunity" behavior="1" />
      <RootComponent type="60" id="{21708dfd-cee1-4f94-8398-5c48ed0abce9}" behavior="0" />
      <RootComponent type="60" id="{67cc8726-db9b-445e-88ee-171fe5388f87}" behavior="0" />
      <RootComponent type="60" id="{7a0ea9e9-fcb8-45ca-b24f-b8c2b6980eb5}" behavior="0" />
    </RootComponents>
    <MissingDependencies>
      <MissingDependency>
        <Required key="0" type="1" schemaName="opportunity" displayName="Opportunity" solution="msdynce_Sales (9.0.4.0076)" />
        <Dependent key="0" type="1" schemaName="opportunity" displayName="Opportunity" />
      </MissingDependency>
      <MissingDependency>
        <Required key="1" type="1" schemaName="msnfp_paymentschedule" displayName="Payment Schedule" solution="NonprofitCore (3.0.3.0)" />
        <Dependent key="2" type="60" displayName="Fundraising: Organization" parentDisplayName="Account" id="{7a0ea9e9-fcb8-45ca-b24f-b8c2b6980eb5}" />
      </MissingDependency>
      <MissingDependency>
        <Required key="3" type="1" schemaName="msnfp_transaction" displayName="Transaction" solution="NonprofitCore (3.0.3.0)" />
        <Dependent key="2" type="60" displayName="Fundraising: Organization" parentDisplayName="Account" id="{7a0ea9e9-fcb8-45ca-b24f-b8c2b6980eb5}" />
      </MissingDependency>
      <MissingDependency>
        <Required key="4" type="1" schemaName="msnfp_preference" displayName="Preference" solution="NonprofitCore (3.0.3.0)" />
        <Dependent key="2" type="60" displayName="Fundraising: Organization" parentDisplayName="Account" id="{7a0ea9e9-fcb8-45ca-b24f-b8c2b6980eb5}" />
      </MissingDependency>
      <MissingDependency>
        <Required key="5" type="1" schemaName="msnfp_donorcommitment" displayName="Donor Commitment" solution="NonprofitCore (3.0.3.0)" />
        <Dependent key="2" type="60" displayName="Fundraising: Organization" parentDisplayName="Account" id="{7a0ea9e9-fcb8-45ca-b24f-b8c2b6980eb5}" />
      </MissingDependency>
      <MissingDependency>
        <Required key="6" type="1" schemaName="msnfp_addresschange" displayName="Address Change" solution="FundraisingandEngagement (1.1.3.21)" />
        <Dependent key="2" type="60" displayName="Fundraising: Organization" parentDisplayName="Account" id="{7a0ea9e9-fcb8-45ca-b24f-b8c2b6980eb5}" />
      </MissingDependency>
      <MissingDependency>
        <Required key="7" type="2" schemaName="msnfp_anonymity" displayName="Mark Donations as Anonymous?" parentSchemaName="account" parentDisplayName="Account" solution="FundraisingandEngagement (1.1.3.21)" />
        <Dependent key="2" type="60" displayName="Fundraising: Organization" parentDisplayName="Account" id="{7a0ea9e9-fcb8-45ca-b24f-b8c2b6980eb5}" />
      </MissingDependency>
      <MissingDependency>
        <Required key="8" type="2" schemaName="msnfp_year0_giving" displayName="Current Year Giving" parentSchemaName="account" parentDisplayName="Account" solution="FundraisingandEngagement (1.1.3.21)" />
        <Dependent key="2" type="60" displayName="Fundraising: Organization" parentDisplayName="Account" id="{7a0ea9e9-fcb8-45ca-b24f-b8c2b6980eb5}" />
      </MissingDependency>
      <MissingDependency>
        <Required key="9" type="2" schemaName="msnfp_vip" displayName="VIP" parentSchemaName="account" parentDisplayName="Account" solution="FundraisingandEngagement (1.1.3.21)" />
        <Dependent key="2" type="60" displayName="Fundraising: Organization" parentDisplayName="Account" id="{7a0ea9e9-fcb8-45ca-b24f-b8c2b6980eb5}" />
      </MissingDependency>
      <MissingDependency>
        <Required key="10" type="2" schemaName="msnfp_year3_giving" displayName="Fourth Year Giving" parentSchemaName="account" parentDisplayName="Account" solution="FundraisingandEngagement (1.1.3.21)" />
        <Dependent key="2" type="60" displayName="Fundraising: Organization" parentDisplayName="Account" id="{7a0ea9e9-fcb8-45ca-b24f-b8c2b6980eb5}" />
      </MissingDependency>
      <MissingDependency>
        <Required key="11" type="2" schemaName="msnfp_primaryform" displayName="Primary Form ID" parentSchemaName="account" parentDisplayName="Account" solution="FundraisingandEngagement (1.1.3.21)" />
        <Dependent key="2" type="60" displayName="Fundraising: Organization" parentDisplayName="Account" id="{7a0ea9e9-fcb8-45ca-b24f-b8c2b6980eb5}" />
      </MissingDependency>
      <MissingDependency>
        <Required key="12" type="2" schemaName="msnfp_accounttype" displayName="Account Type" parentSchemaName="account" parentDisplayName="Account" solution="NonprofitCore (3.0.3.0)" />
        <Dependent key="2" type="60" displayName="Fundraising: Organization" parentDisplayName="Account" id="{7a0ea9e9-fcb8-45ca-b24f-b8c2b6980eb5}" />
      </MissingDependency>
      <MissingDependency>
        <Required key="13" type="2" schemaName="msnfp_solicitdate" displayName="Solicit Date" parentSchemaName="account" parentDisplayName="Account" solution="FundraisingandEngagement (1.1.3.21)" />
        <Dependent key="2" type="60" displayName="Fundraising: Organization" parentDisplayName="Account" id="{7a0ea9e9-fcb8-45ca-b24f-b8c2b6980eb5}" />
      </MissingDependency>
      <MissingDependency>
        <Required key="14" type="2" schemaName="msnfp_receiptpreferencecode" displayName="Receipt Preference" parentSchemaName="account" parentDisplayName="Account" solution="FundraisingandEngagement (1.1.3.21)" />
        <Dependent key="2" type="60" displayName="Fundraising: Organization" parentDisplayName="Account" id="{7a0ea9e9-fcb8-45ca-b24f-b8c2b6980eb5}" />
      </MissingDependency>
      <MissingDependency>
        <Required key="15" type="2" schemaName="msnfp_givinglevelid" displayName="Giving Level" parentSchemaName="account" parentDisplayName="Account" solution="FundraisingandEngagement (1.1.3.21)" />
        <Dependent key="2" type="60" displayName="Fundraising: Organization" parentDisplayName="Account" id="{7a0ea9e9-fcb8-45ca-b24f-b8c2b6980eb5}" />
      </MissingDependency>
      <MissingDependency>
        <Required key="16" type="2" schemaName="msnfp_year2_giving" displayName="Third Year Giving" parentSchemaName="account" parentDisplayName="Account" solution="FundraisingandEngagement (1.1.3.21)" />
        <Dependent key="2" type="60" displayName="Fundraising: Organization" parentDisplayName="Account" id="{7a0ea9e9-fcb8-45ca-b24f-b8c2b6980eb5}" />
      </MissingDependency>
      <MissingDependency>
        <Required key="17" type="2" schemaName="msnfp_lifetimegivingsum" displayName="Lifetime Giving Sum" parentSchemaName="account" parentDisplayName="Account" solution="FundraisingandEngagement (1.1.3.21)" />
        <Dependent key="2" type="60" displayName="Fundraising: Organization" parentDisplayName="Account" id="{7a0ea9e9-fcb8-45ca-b24f-b8c2b6980eb5}" />
      </MissingDependency>
      <MissingDependency>
        <Required key="18" type="2" schemaName="msnfp_lifetimereceipted" displayName="Lifetime Receipted" parentSchemaName="account" parentDisplayName="Account" solution="FundraisingandEngagement (1.1.3.21)" />
        <Dependent key="2" type="60" displayName="Fundraising: Organization" parentDisplayName="Account" id="{7a0ea9e9-fcb8-45ca-b24f-b8c2b6980eb5}" />
      </MissingDependency>
      <MissingDependency>
        <Required key="19" type="2" schemaName="msnfp_year4_giving" displayName="Fifth Year Giving" parentSchemaName="account" parentDisplayName="Account" solution="FundraisingandEngagement (1.1.3.21)" />
        <Dependent key="2" type="60" displayName="Fundraising: Organization" parentDisplayName="Account" id="{7a0ea9e9-fcb8-45ca-b24f-b8c2b6980eb5}" />
      </MissingDependency>
      <MissingDependency>
        <Required key="20" type="2" schemaName="msnfp_primarymembershipid" displayName="Primary Membership" parentSchemaName="account" parentDisplayName="Account" solution="FundraisingandEngagement (1.1.3.21)" />
        <Dependent key="2" type="60" displayName="Fundraising: Organization" parentDisplayName="Account" id="{7a0ea9e9-fcb8-45ca-b24f-b8c2b6980eb5}" />
      </MissingDependency>
      <MissingDependency>
        <Required key="21" type="2" schemaName="msnfp_lasttransactiondate" displayName="Last Transaction Date" parentSchemaName="account" parentDisplayName="Account" solution="FundraisingandEngagement (1.1.3.21)" />
        <Dependent key="2" type="60" displayName="Fundraising: Organization" parentDisplayName="Account" id="{7a0ea9e9-fcb8-45ca-b24f-b8c2b6980eb5}" />
      </MissingDependency>
      <MissingDependency>
        <Required key="22" type="2" schemaName="msnfp_year1_giving" displayName="Last Year's Giving" parentSchemaName="account" parentDisplayName="Account" solution="FundraisingandEngagement (1.1.3.21)" />
        <Dependent key="2" type="60" displayName="Fundraising: Organization" parentDisplayName="Account" id="{7a0ea9e9-fcb8-45ca-b24f-b8c2b6980eb5}" />
      </MissingDependency>
      <MissingDependency>
        <Required key="23" type="2" schemaName="msnfp_lasttransactionid" displayName="Last Transaction" parentSchemaName="account" parentDisplayName="Account" solution="FundraisingandEngagement (1.1.3.21)" />
        <Dependent key="2" type="60" displayName="Fundraising: Organization" parentDisplayName="Account" id="{7a0ea9e9-fcb8-45ca-b24f-b8c2b6980eb5}" />
      </MissingDependency>
      <MissingDependency>
        <Required key="24" type="2" schemaName="msnfp_solicitcode" displayName="Solicitation Status" parentSchemaName="account" parentDisplayName="Account" solution="FundraisingandEngagement (1.1.3.21)" />
        <Dependent key="2" type="60" displayName="Fundraising: Organization" parentDisplayName="Account" id="{7a0ea9e9-fcb8-45ca-b24f-b8c2b6980eb5}" />
      </MissingDependency>
      <MissingDependency>
        <Required key="25" type="2" schemaName="msnfp_preferredlanguagecode" displayName="Preferred Language" parentSchemaName="account" parentDisplayName="Account" solution="FundraisingandEngagement (1.1.3.21)" />
        <Dependent key="2" type="60" displayName="Fundraising: Organization" parentDisplayName="Account" id="{7a0ea9e9-fcb8-45ca-b24f-b8c2b6980eb5}" />
      </MissingDependency>
      <MissingDependency>
        <Required key="26" type="10" schemaName="msnfp_accountfrom_msnfp_pledgematch" displayName="msnfp_accountfrom_msnfp_pledgematch" parentSchemaName="account" parentDisplayName="Account" solution="FundraisingandEngagement (1.1.3.21)" />
        <Dependent key="2" type="60" displayName="Fundraising: Organization" parentDisplayName="Account" id="{7a0ea9e9-fcb8-45ca-b24f-b8c2b6980eb5}" />
      </MissingDependency>
      <MissingDependency>
        <Required key="27" type="10" schemaName="msnfp_accountcustomer_msnfp_sponsorship" displayName="msnfp_accountcustomer_msnfp_sponsorship" parentSchemaName="account" parentDisplayName="Account" solution="FundraisingandEngagement (1.1.3.21)" />
        <Dependent key="2" type="60" displayName="Fundraising: Organization" parentDisplayName="Account" id="{7a0ea9e9-fcb8-45ca-b24f-b8c2b6980eb5}" />
      </MissingDependency>
      <MissingDependency>
        <Required key="28" type="10" schemaName="msnfp_account_msnfp_ticket_customer" displayName="msnfp_account_msnfp_ticket_customer" parentSchemaName="account" parentDisplayName="Account" solution="FundraisingandEngagement (1.1.3.21)" />
        <Dependent key="2" type="60" displayName="Fundraising: Organization" parentDisplayName="Account" id="{7a0ea9e9-fcb8-45ca-b24f-b8c2b6980eb5}" />
      </MissingDependency>
      <MissingDependency>
        <Required key="29" type="10" schemaName="msnfp_account_msnfp_refund_Customer" displayName="msnfp_account_msnfp_refund_Customer" parentSchemaName="account" parentDisplayName="Account" solution="FundraisingandEngagement (1.1.3.21)" />
        <Dependent key="2" type="60" displayName="Fundraising: Organization" parentDisplayName="Account" id="{7a0ea9e9-fcb8-45ca-b24f-b8c2b6980eb5}" />
      </MissingDependency>
      <MissingDependency>
        <Required key="30" type="10" schemaName="msnfp_accountdonor_msnfp_eventpackage" displayName="msnfp_accountdonor_msnfp_eventpackage" parentSchemaName="account" parentDisplayName="Account" solution="FundraisingandEngagement (1.1.3.21)" />
        <Dependent key="2" type="60" displayName="Fundraising: Organization" parentDisplayName="Account" id="{7a0ea9e9-fcb8-45ca-b24f-b8c2b6980eb5}" />
      </MissingDependency>
      <MissingDependency>
        <Required key="31" type="10" schemaName="msnfp_givinglevelinstance_account" displayName="msnfp_givinglevelinstance_account" parentSchemaName="msnfp_givinglevelinstance" parentDisplayName="Giving Level Instance" solution="FundraisingandEngagement (1.1.3.21)" />
        <Dependent key="2" type="60" displayName="Fundraising: Organization" parentDisplayName="Account" id="{7a0ea9e9-fcb8-45ca-b24f-b8c2b6980eb5}" />
      </MissingDependency>
      <MissingDependency>
        <Required key="32" type="10" schemaName="msnfp_accountto_msnfp_pledgematch" displayName="msnfp_accountto_msnfp_pledgematch" parentSchemaName="account" parentDisplayName="Account" solution="FundraisingandEngagement (1.1.3.21)" />
        <Dependent key="2" type="60" displayName="Fundraising: Organization" parentDisplayName="Account" id="{7a0ea9e9-fcb8-45ca-b24f-b8c2b6980eb5}" />
      </MissingDependency>
      <MissingDependency>
        <Required key="33" type="10" schemaName="msnfp_accountdonor_msnfp_givinglevelinstance" displayName="msnfp_accountdonor_msnfp_givinglevelinstance" parentSchemaName="account" parentDisplayName="Account" solution="FundraisingandEngagement (1.1.3.21)" />
        <Dependent key="2" type="60" displayName="Fundraising: Organization" parentDisplayName="Account" id="{7a0ea9e9-fcb8-45ca-b24f-b8c2b6980eb5}" />
      </MissingDependency>
      <MissingDependency>
        <Required key="34" type="10" schemaName="msnfp_account_msnfp_donorcommitment" displayName="msnfp_account_msnfp_donorcommitment" parentSchemaName="account" parentDisplayName="Account" solution="FundraisingandEngagement (1.1.3.21)" />
        <Dependent key="2" type="60" displayName="Fundraising: Organization" parentDisplayName="Account" id="{7a0ea9e9-fcb8-45ca-b24f-b8c2b6980eb5}" />
      </MissingDependency>
      <MissingDependency>
        <Required key="35" type="10" schemaName="msnfp_account_msnfp_preference_preference_customer" displayName="msnfp_account_msnfp_preference_preference_customer" parentSchemaName="msnfp_preference" parentDisplayName="Preference" solution="NonprofitCore (3.0.3.0)" />
        <Dependent key="2" type="60" displayName="Fundraising: Organization" parentDisplayName="Account" id="{7a0ea9e9-fcb8-45ca-b24f-b8c2b6980eb5}" />
      </MissingDependency>
      <MissingDependency>
        <Required key="36" type="10" schemaName="msnfp_accountdonor_msnfp_paymentschedule" displayName="msnfp_accountdonor_msnfp_paymentschedule" parentSchemaName="account" parentDisplayName="Account" solution="FundraisingandEngagement (1.1.3.21)" />
        <Dependent key="2" type="60" displayName="Fundraising: Organization" parentDisplayName="Account" id="{7a0ea9e9-fcb8-45ca-b24f-b8c2b6980eb5}" />
      </MissingDependency>
      <MissingDependency>
        <Required key="37" type="10" schemaName="msnfp_accountdonor_msnfp_transaction" displayName="msnfp_accountdonor_msnfp_transaction" parentSchemaName="account" parentDisplayName="Account" solution="FundraisingandEngagement (1.1.3.21)" />
        <Dependent key="2" type="60" displayName="Fundraising: Organization" parentDisplayName="Account" id="{7a0ea9e9-fcb8-45ca-b24f-b8c2b6980eb5}" />
      </MissingDependency>
      <MissingDependency>
        <Required key="38" type="10" schemaName="msnfp_accountcustomer_msnfp_eventticket" displayName="msnfp_accountcustomer_msnfp_eventticket" parentSchemaName="account" parentDisplayName="Account" solution="FundraisingandEngagement (1.1.3.21)" />
        <Dependent key="2" type="60" displayName="Fundraising: Organization" parentDisplayName="Account" id="{7a0ea9e9-fcb8-45ca-b24f-b8c2b6980eb5}" />
      </MissingDependency>
      <MissingDependency>
        <Required key="39" type="10" schemaName="msnfp_transaction_account" displayName="msnfp_transaction_account" parentSchemaName="msnfp_transaction" parentDisplayName="Transaction" solution="FundraisingandEngagement (1.1.3.21)" />
        <Dependent key="2" type="60" displayName="Fundraising: Organization" parentDisplayName="Account" id="{7a0ea9e9-fcb8-45ca-b24f-b8c2b6980eb5}" />
      </MissingDependency>
      <MissingDependency>
        <Required key="40" type="10" schemaName="msnfp_accountcustomer_msnfp_product" displayName="msnfp_accountcustomer_msnfp_product" parentSchemaName="account" parentDisplayName="Account" solution="FundraisingandEngagement (1.1.3.21)" />
        <Dependent key="2" type="60" displayName="Fundraising: Organization" parentDisplayName="Account" id="{7a0ea9e9-fcb8-45ca-b24f-b8c2b6980eb5}" />
      </MissingDependency>
      <MissingDependency>
        <Required key="41" type="10" schemaName="msdyn_msdyn_functionallocation_account" displayName="msdyn_msdyn_functionallocation_account" parentSchemaName="msdyn_functionallocation" parentDisplayName="Functional Location" solution="msdyn_AssetCommon (1.0.6.37)" />
        <Dependent key="2" type="60" displayName="Fundraising: Organization" parentDisplayName="Account" id="{7a0ea9e9-fcb8-45ca-b24f-b8c2b6980eb5}" />
      </MissingDependency>
      <MissingDependency>
        <Required key="42" type="10" schemaName="msnfp_accountdonor_msnfp_receipt" displayName="msnfp_accountdonor_msnfp_receipt" parentSchemaName="account" parentDisplayName="Account" solution="FundraisingandEngagement (1.1.3.21)" />
        <Dependent key="2" type="60" displayName="Fundraising: Organization" parentDisplayName="Account" id="{7a0ea9e9-fcb8-45ca-b24f-b8c2b6980eb5}" />
      </MissingDependency>
      <MissingDependency>
        <Required key="43" type="10" schemaName="msnfp_account_msnfp_membership_Customer" displayName="msnfp_account_msnfp_membership_Customer" parentSchemaName="msnfp_membership" parentDisplayName="Membership" solution="NonprofitCore (3.0.3.0)" />
        <Dependent key="2" type="60" displayName="Fundraising: Organization" parentDisplayName="Account" id="{7a0ea9e9-fcb8-45ca-b24f-b8c2b6980eb5}" />
      </MissingDependency>
      <MissingDependency>
        <Required key="44" type="10" schemaName="msnfp_membership_account" displayName="msnfp_membership_account" parentSchemaName="msnfp_membership" parentDisplayName="Membership" solution="FundraisingandEngagement (1.1.3.21)" />
        <Dependent key="2" type="60" displayName="Fundraising: Organization" parentDisplayName="Account" id="{7a0ea9e9-fcb8-45ca-b24f-b8c2b6980eb5}" />
      </MissingDependency>
      <MissingDependency>
        <Required key="45" type="10" schemaName="msnfp_account_msnfp_event" displayName="msnfp_account_msnfp_event" parentSchemaName="account" parentDisplayName="Account" solution="FundraisingandEngagement (1.1.3.21)" />
        <Dependent key="2" type="60" displayName="Fundraising: Organization" parentDisplayName="Account" id="{7a0ea9e9-fcb8-45ca-b24f-b8c2b6980eb5}" />
      </MissingDependency>
      <MissingDependency>
        <Required key="46" type="26" schemaName="Active Donor Commitments" displayName="Active Donor Commitments" parentSchemaName="msnfp_donorcommitment" parentDisplayName="Donor Commitment" solution="NonprofitCore (3.0.3.0)" id="{01527c1d-34a8-4777-9bf0-ae59178b8b1e}" />
        <Dependent key="2" type="60" displayName="Fundraising: Organization" parentDisplayName="Account" id="{7a0ea9e9-fcb8-45ca-b24f-b8c2b6980eb5}" />
      </MissingDependency>
      <MissingDependency>
        <Required key="47" type="26" schemaName="All Address Changes" displayName="All Address Changes" parentSchemaName="msnfp_addresschange" parentDisplayName="Address Change" solution="FundraisingandEngagement (1.1.3.21)" id="{ef88580d-cf34-46a3-a880-881bbddd063a}" />
        <Dependent key="2" type="60" displayName="Fundraising: Organization" parentDisplayName="Account" id="{7a0ea9e9-fcb8-45ca-b24f-b8c2b6980eb5}" />
      </MissingDependency>
      <MissingDependency>
        <Required key="48" type="26" schemaName="Transaction Lookup View" displayName="Transaction Lookup View" parentSchemaName="msnfp_transaction" parentDisplayName="Transaction" solution="NonprofitCore (3.0.3.0)" id="{2385d69e-8bf4-4451-8235-5f7484886883}" />
        <Dependent key="2" type="60" displayName="Fundraising: Organization" parentDisplayName="Account" id="{7a0ea9e9-fcb8-45ca-b24f-b8c2b6980eb5}" />
      </MissingDependency>
      <MissingDependency>
        <Required key="49" type="26" schemaName="Active Transactions" displayName="Active Transactions" parentSchemaName="msnfp_transaction" parentDisplayName="Transaction" solution="NonprofitCore (3.0.3.0)" id="{246c4b32-25d7-4110-bd29-4dee809a78f8}" />
        <Dependent key="2" type="60" displayName="Fundraising: Organization" parentDisplayName="Account" id="{7a0ea9e9-fcb8-45ca-b24f-b8c2b6980eb5}" />
      </MissingDependency>
      <MissingDependency>
        <Required key="50" type="26" schemaName="Membership Lookup View" displayName="Membership Lookup View" parentSchemaName="msnfp_membership" parentDisplayName="Membership" solution="NonprofitCore (3.0.3.0)" id="{99a8f36e-17e3-424b-ab56-76d2b67173b7}" />
        <Dependent key="2" type="60" displayName="Fundraising: Organization" parentDisplayName="Account" id="{7a0ea9e9-fcb8-45ca-b24f-b8c2b6980eb5}" />
      </MissingDependency>
      <MissingDependency>
        <Required key="51" type="26" schemaName="Active Preferences" displayName="Active Preferences" parentSchemaName="msnfp_preference" parentDisplayName="Preference" solution="NonprofitCore (3.0.3.0)" id="{39e7e428-fc67-480f-811f-b3141dbdd676}" />
        <Dependent key="2" type="60" displayName="Fundraising: Organization" parentDisplayName="Account" id="{7a0ea9e9-fcb8-45ca-b24f-b8c2b6980eb5}" />
      </MissingDependency>
      <MissingDependency>
        <Required key="52" type="26" schemaName="Active Payment Schedules" displayName="Active Payment Schedules" parentSchemaName="msnfp_paymentschedule" parentDisplayName="Payment Schedule" solution="NonprofitCore (3.0.3.0)" id="{4ed6a86f-47a6-4abf-88f1-5f12b8b13295}" />
        <Dependent key="2" type="60" displayName="Fundraising: Organization" parentDisplayName="Account" id="{7a0ea9e9-fcb8-45ca-b24f-b8c2b6980eb5}" />
      </MissingDependency>
      <MissingDependency>
        <Required key="53" type="26" schemaName="My Open Address Changes" displayName="My Open Address Changes" parentSchemaName="msnfp_addresschange" parentDisplayName="Address Change" solution="FundraisingandEngagement (1.1.3.21)" id="{fdc35c07-cb9c-4d26-8086-b5deec96016c}" />
        <Dependent key="2" type="60" displayName="Fundraising: Organization" parentDisplayName="Account" id="{7a0ea9e9-fcb8-45ca-b24f-b8c2b6980eb5}" />
      </MissingDependency>
      <MissingDependency>
        <Required key="54" type="59" schemaName="Transactions Secured (No. of Transactions )" displayName="Transactions Secured (No. of Transactions )" parentSchemaName="msnfp_transaction" parentDisplayName="Transaction" solution="FundraisingandEngagement (1.1.3.21)" id="{b64acad2-c8a5-ea11-a812-000d3af3b5be}" />
        <Dependent key="2" type="60" displayName="Fundraising: Organization" parentDisplayName="Account" id="{7a0ea9e9-fcb8-45ca-b24f-b8c2b6980eb5}" />
      </MissingDependency>
      <MissingDependency>
        <Required key="55" type="59" schemaName="Commitment Type by Commitment Date" displayName="Commitment Type by Commitment Date" parentSchemaName="msnfp_donorcommitment" parentDisplayName="Donor Commitment" solution="NonprofitCore (3.0.3.0)" id="{20d64ddf-58d1-e811-a960-000d3a37870e}" />
        <Dependent key="2" type="60" displayName="Fundraising: Organization" parentDisplayName="Account" id="{7a0ea9e9-fcb8-45ca-b24f-b8c2b6980eb5}" />
      </MissingDependency>
      <MissingDependency>
        <Required key="56" type="60" displayName="account contact card" parentDisplayName="Contact" solution="msdynce_AppCommon (9.0.4.0066)" id="{29de27bc-a257-4f29-99cf-bab4a84e688f}" />
        <Dependent key="2" type="60" displayName="Fundraising: Organization" parentDisplayName="Account" id="{7a0ea9e9-fcb8-45ca-b24f-b8c2b6980eb5}" />
      </MissingDependency>
      <MissingDependency>
        <Required key="2" type="60" displayName="Fundraising: Organization" parentDisplayName="Account" solution="FundraisingandEngagement (1.1.3.21)" id="{7a0ea9e9-fcb8-45ca-b24f-b8c2b6980eb5}" />
        <Dependent key="2" type="60" displayName="Fundraising: Organization" parentDisplayName="Account" id="{7a0ea9e9-fcb8-45ca-b24f-b8c2b6980eb5}" />
      </MissingDependency>
      <MissingDependency>
        <Required key="57" type="66" schemaName="MscrmControls.LinkedInIntegration.LinkedInAccountControl" displayName="MscrmControls.LinkedInIntegration.LinkedInAccountControl" solution="LinkedInSalesNavigatorControlsForUnifiedClient (3.0.1.0900)" />
        <Dependent key="2" type="60" displayName="Fundraising: Organization" parentDisplayName="Account" id="{7a0ea9e9-fcb8-45ca-b24f-b8c2b6980eb5}" />
      </MissingDependency>
      <MissingDependency>
        <Required key="58" type="66" schemaName="MscrmControls.LinkedInIntegration.LinkedInLeadLookupControl" displayName="MscrmControls.LinkedInIntegration.LinkedInLeadLookupControl" solution="LinkedInSalesNavigatorControlsForUnifiedClient (3.0.1.0900)" />
        <Dependent key="2" type="60" displayName="Fundraising: Organization" parentDisplayName="Account" id="{7a0ea9e9-fcb8-45ca-b24f-b8c2b6980eb5}" />
      </MissingDependency>
      <MissingDependency>
        <Required key="59" type="61" schemaName="msnfp_/scripts/msnfp_householdredirectform.js" displayName="msnfp_/scripts/msnfp_householdredirectform.js" solution="FundraisingandEngagement (1.1.3.21)" />
        <Dependent key="2" type="60" displayName="Fundraising: Organization" parentDisplayName="Account" id="{7a0ea9e9-fcb8-45ca-b24f-b8c2b6980eb5}" />
      </MissingDependency>
      <MissingDependency>
        <Required key="60" type="61" schemaName="msnfp_/scripts/common.js" displayName="msnfp_/scripts/common.js" solution="FundraisingandEngagement (1.1.3.21)" />
        <Dependent key="2" type="60" displayName="Fundraising: Organization" parentDisplayName="Account" id="{7a0ea9e9-fcb8-45ca-b24f-b8c2b6980eb5}" />
      </MissingDependency>
      <MissingDependency>
        <Required key="61" type="61" schemaName="msnfp_/webpages/customersnapshot.html" displayName="msnfp_/webpages/customersnapshot.html" solution="FundraisingandEngagement (1.1.3.21)" />
        <Dependent key="2" type="60" displayName="Fundraising: Organization" parentDisplayName="Account" id="{7a0ea9e9-fcb8-45ca-b24f-b8c2b6980eb5}" />
      </MissingDependency>
      <MissingDependency>
        <Required key="62" type="61" schemaName="msnfp_/scripts/jquery.js" displayName="msnfp_/scripts/jquery.js" solution="FundraisingandEngagement (1.1.3.21)" />
        <Dependent key="2" type="60" displayName="Fundraising: Organization" parentDisplayName="Account" id="{7a0ea9e9-fcb8-45ca-b24f-b8c2b6980eb5}" />
      </MissingDependency>
      <MissingDependency>
        <Required key="63" type="1" schemaName="msnfp_appeal" displayName="Appeal" solution="FundraisingandEngagement (1.1.3.21)" />
        <Dependent key="64" type="60" displayName="Fundraising: Information" parentDisplayName="Opportunity" id="{21708dfd-cee1-4f94-8398-5c48ed0abce9}" />
      </MissingDependency>
      <MissingDependency>
        <Required key="65" type="1" schemaName="opportunityproduct" displayName="Opportunity Product" solution="msdynce_Sales (9.0.4.0076)" />
        <Dependent key="64" type="60" displayName="Fundraising: Information" parentDisplayName="Opportunity" id="{21708dfd-cee1-4f94-8398-5c48ed0abce9}" />
      </MissingDependency>
      <MissingDependency>
        <Required key="66" type="1" schemaName="campaign" displayName="Campaign" solution="msdynce_Marketing (9.0.4.37)" />
        <Dependent key="64" type="60" displayName="Fundraising: Information" parentDisplayName="Opportunity" id="{21708dfd-cee1-4f94-8398-5c48ed0abce9}" />
      </MissingDependency>
      <MissingDependency>
        <Required key="67" type="2" schemaName="modifiedon" displayName="Modified On" parentSchemaName="opportunity" parentDisplayName="Opportunity" solution="msdynce_Sales (9.0.4.0076)" />
        <Dependent key="64" type="60" displayName="Fundraising: Information" parentDisplayName="Opportunity" id="{21708dfd-cee1-4f94-8398-5c48ed0abce9}" />
      </MissingDependency>
      <MissingDependency>
        <Required key="68" type="2" schemaName="estimatedvalue" displayName="Est. Revenue" parentSchemaName="opportunity" parentDisplayName="Opportunity" solution="msdynce_Sales (9.0.4.0076)" />
        <Dependent key="64" type="60" displayName="Fundraising: Information" parentDisplayName="Opportunity" id="{21708dfd-cee1-4f94-8398-5c48ed0abce9}" />
      </MissingDependency>
      <MissingDependency>
        <Required key="69" type="2" schemaName="msnfp_setcommitteddate" displayName="Set Committed Date" parentSchemaName="opportunity" parentDisplayName="Opportunity" solution="FundraisingandEngagement (1.1.3.21)" />
        <Dependent key="64" type="60" displayName="Fundraising: Information" parentDisplayName="Opportunity" id="{21708dfd-cee1-4f94-8398-5c48ed0abce9}" />
      </MissingDependency>
      <MissingDependency>
        <Required key="70" type="2" schemaName="msnfp_packageid" displayName="Package" parentSchemaName="opportunity" parentDisplayName="Opportunity" solution="FundraisingandEngagement (1.1.3.21)" />
        <Dependent key="64" type="60" displayName="Fundraising: Information" parentDisplayName="Opportunity" id="{21708dfd-cee1-4f94-8398-5c48ed0abce9}" />
      </MissingDependency>
      <MissingDependency>
        <Required key="71" type="2" schemaName="msnfp_opportunitymanagerid" displayName="Opportunity Manager" parentSchemaName="opportunity" parentDisplayName="Opportunity" solution="FundraisingandEngagement (1.1.3.21)" />
        <Dependent key="64" type="60" displayName="Fundraising: Information" parentDisplayName="Opportunity" id="{21708dfd-cee1-4f94-8398-5c48ed0abce9}" />
      </MissingDependency>
      <MissingDependency>
        <Required key="72" type="2" schemaName="msnfp_lastreport" displayName="Last Report" parentSchemaName="opportunity" parentDisplayName="Opportunity" solution="FundraisingandEngagement (1.1.3.21)" />
        <Dependent key="64" type="60" displayName="Fundraising: Information" parentDisplayName="Opportunity" id="{21708dfd-cee1-4f94-8398-5c48ed0abce9}" />
      </MissingDependency>
      <MissingDependency>
        <Required key="73" type="2" schemaName="msnfp_numberofreports" displayName="No. Reports" parentSchemaName="opportunity" parentDisplayName="Opportunity" solution="FundraisingandEngagement (1.1.3.21)" />
        <Dependent key="64" type="60" displayName="Fundraising: Information" parentDisplayName="Opportunity" id="{21708dfd-cee1-4f94-8398-5c48ed0abce9}" />
      </MissingDependency>
      <MissingDependency>
        <Required key="74" type="2" schemaName="msnfp_pledgecreated" displayName="Pledge Created" parentSchemaName="opportunity" parentDisplayName="Opportunity" solution="FundraisingandEngagement (1.1.3.21)" />
        <Dependent key="64" type="60" displayName="Fundraising: Information" parentDisplayName="Opportunity" id="{21708dfd-cee1-4f94-8398-5c48ed0abce9}" />
      </MissingDependency>
      <MissingDependency>
        <Required key="75" type="2" schemaName="msnfp_objectiveid" displayName="Primary Objective" parentSchemaName="opportunity" parentDisplayName="Opportunity" solution="FundraisingandEngagement (1.1.3.21)" />
        <Dependent key="64" type="60" displayName="Fundraising: Information" parentDisplayName="Opportunity" id="{21708dfd-cee1-4f94-8398-5c48ed0abce9}" />
      </MissingDependency>
      <MissingDependency>
        <Required key="76" type="2" schemaName="msnfp_setcommitted" displayName="Set Committed" parentSchemaName="opportunity" parentDisplayName="Opportunity" solution="FundraisingandEngagement (1.1.3.21)" />
        <Dependent key="64" type="60" displayName="Fundraising: Information" parentDisplayName="Opportunity" id="{21708dfd-cee1-4f94-8398-5c48ed0abce9}" />
      </MissingDependency>
      <MissingDependency>
        <Required key="77" type="2" schemaName="parentaccountid" displayName="Account" parentSchemaName="opportunity" parentDisplayName="Opportunity" solution="msdynce_Sales (9.0.4.0076)" />
        <Dependent key="64" type="60" displayName="Fundraising: Information" parentDisplayName="Opportunity" id="{21708dfd-cee1-4f94-8398-5c48ed0abce9}" />
      </MissingDependency>
      <MissingDependency>
        <Required key="78" type="2" schemaName="campaignid" displayName="Source Campaign" parentSchemaName="opportunity" parentDisplayName="Opportunity" solution="msdynce_MarketingSales (9.0.4.29)" />
        <Dependent key="64" type="60" displayName="Fundraising: Information" parentDisplayName="Opportunity" id="{21708dfd-cee1-4f94-8398-5c48ed0abce9}" />
      </MissingDependency>
      <MissingDependency>
        <Required key="79" type="2" schemaName="msnfp_pledgecreateddate" displayName="Pledge Created Date" parentSchemaName="opportunity" parentDisplayName="Opportunity" solution="FundraisingandEngagement (1.1.3.21)" />
        <Dependent key="64" type="60" displayName="Fundraising: Information" parentDisplayName="Opportunity" id="{21708dfd-cee1-4f94-8398-5c48ed0abce9}" />
      </MissingDependency>
      <MissingDependency>
        <Required key="80" type="2" schemaName="parentcontactid" displayName="Contact" parentSchemaName="opportunity" parentDisplayName="Opportunity" solution="msdynce_Sales (9.0.4.0076)" />
        <Dependent key="64" type="60" displayName="Fundraising: Information" parentDisplayName="Opportunity" id="{21708dfd-cee1-4f94-8398-5c48ed0abce9}" />
      </MissingDependency>
      <MissingDependency>
        <Required key="81" type="2" schemaName="statecode" displayName="Status" parentSchemaName="opportunity" parentDisplayName="Opportunity" solution="msdynce_Sales (9.0.4.0076)" />
        <Dependent key="64" type="60" displayName="Fundraising: Information" parentDisplayName="Opportunity" id="{21708dfd-cee1-4f94-8398-5c48ed0abce9}" />
      </MissingDependency>
      <MissingDependency>
        <Required key="82" type="2" schemaName="customerid" displayName="Potential Donor" parentSchemaName="opportunity" parentDisplayName="Opportunity" solution="msdynce_Sales (9.0.4.0076)" />
        <Dependent key="64" type="60" displayName="Fundraising: Information" parentDisplayName="Opportunity" id="{21708dfd-cee1-4f94-8398-5c48ed0abce9}" />
      </MissingDependency>
      <MissingDependency>
        <Required key="83" type="2" schemaName="description" displayName="Description" parentSchemaName="opportunity" parentDisplayName="Opportunity" solution="msdynce_Sales (9.0.4.0076)" />
        <Dependent key="64" type="60" displayName="Fundraising: Information" parentDisplayName="Opportunity" id="{21708dfd-cee1-4f94-8398-5c48ed0abce9}" />
      </MissingDependency>
      <MissingDependency>
        <Required key="84" type="2" schemaName="isrevenuesystemcalculated" displayName="Revenue" parentSchemaName="opportunity" parentDisplayName="Opportunity" solution="msdynce_Sales (9.0.4.0076)" />
        <Dependent key="64" type="60" displayName="Fundraising: Information" parentDisplayName="Opportunity" id="{21708dfd-cee1-4f94-8398-5c48ed0abce9}" />
      </MissingDependency>
      <MissingDependency>
        <Required key="85" type="2" schemaName="msnfp_solicitorid" displayName="Solicitor" parentSchemaName="opportunity" parentDisplayName="Opportunity" solution="FundraisingandEngagement (1.1.3.21)" />
        <Dependent key="64" type="60" displayName="Fundraising: Information" parentDisplayName="Opportunity" id="{21708dfd-cee1-4f94-8398-5c48ed0abce9}" />
      </MissingDependency>
      <MissingDependency>
        <Required key="86" type="2" schemaName="msnfp_amountrealized" displayName="Realized" parentSchemaName="opportunity" parentDisplayName="Opportunity" solution="FundraisingandEngagement (1.1.3.21)" />
        <Dependent key="64" type="60" displayName="Fundraising: Information" parentDisplayName="Opportunity" id="{21708dfd-cee1-4f94-8398-5c48ed0abce9}" />
      </MissingDependency>
      <MissingDependency>
        <Required key="87" type="2" schemaName="purchaseprocess" displayName="Decision Process" parentSchemaName="opportunity" parentDisplayName="Opportunity" solution="msdynce_Sales (9.0.4.0076)" />
        <Dependent key="64" type="60" displayName="Fundraising: Information" parentDisplayName="Opportunity" id="{21708dfd-cee1-4f94-8398-5c48ed0abce9}" />
      </MissingDependency>
      <MissingDependency>
        <Required key="88" type="2" schemaName="msnfp_sum_transaction_amount" displayName="Allocated" parentSchemaName="opportunity" parentDisplayName="Opportunity" solution="FundraisingandEngagement (1.1.3.21)" />
        <Dependent key="64" type="60" displayName="Fundraising: Information" parentDisplayName="Opportunity" id="{21708dfd-cee1-4f94-8398-5c48ed0abce9}" />
      </MissingDependency>
      <MissingDependency>
        <Required key="89" type="2" schemaName="estimatedclosedate" displayName="Est. Close Date" parentSchemaName="opportunity" parentDisplayName="Opportunity" solution="msdynce_Sales (9.0.4.0076)" />
        <Dependent key="64" type="60" displayName="Fundraising: Information" parentDisplayName="Opportunity" id="{21708dfd-cee1-4f94-8398-5c48ed0abce9}" />
      </MissingDependency>
      <MissingDependency>
        <Required key="90" type="2" schemaName="pricelevelid" displayName="Price List" parentSchemaName="opportunity" parentDisplayName="Opportunity" solution="msdynce_Sales (9.0.4.0076)" />
        <Dependent key="64" type="60" displayName="Fundraising: Information" parentDisplayName="Opportunity" id="{21708dfd-cee1-4f94-8398-5c48ed0abce9}" />
      </MissingDependency>
      <MissingDependency>
        <Required key="91" type="2" schemaName="createdby" displayName="Created By" parentSchemaName="opportunity" parentDisplayName="Opportunity" solution="msdynce_Sales (9.0.4.0076)" />
        <Dependent key="64" type="60" displayName="Fundraising: Information" parentDisplayName="Opportunity" id="{21708dfd-cee1-4f94-8398-5c48ed0abce9}" />
      </MissingDependency>
      <MissingDependency>
        <Required key="92" type="2" schemaName="ownerid" displayName="Owner" parentSchemaName="opportunity" parentDisplayName="Opportunity" solution="msdynce_Sales (9.0.4.0076)" />
        <Dependent key="64" type="60" displayName="Fundraising: Information" parentDisplayName="Opportunity" id="{21708dfd-cee1-4f94-8398-5c48ed0abce9}" />
      </MissingDependency>
      <MissingDependency>
        <Required key="93" type="2" schemaName="freightamount" displayName="Freight Amount" parentSchemaName="opportunity" parentDisplayName="Opportunity" solution="msdynce_Sales (9.0.4.0076)" />
        <Dependent key="64" type="60" displayName="Fundraising: Information" parentDisplayName="Opportunity" id="{21708dfd-cee1-4f94-8398-5c48ed0abce9}" />
      </MissingDependency>
      <MissingDependency>
        <Required key="94" type="2" schemaName="transactioncurrencyid" displayName="Currency" parentSchemaName="opportunity" parentDisplayName="Opportunity" solution="msdynce_Sales (9.0.4.0076)" />
        <Dependent key="64" type="60" displayName="Fundraising: Information" parentDisplayName="Opportunity" id="{21708dfd-cee1-4f94-8398-5c48ed0abce9}" />
      </MissingDependency>
      <MissingDependency>
        <Required key="95" type="2" schemaName="msnfp_primaryformid" displayName="Primary Form Id" parentSchemaName="opportunity" parentDisplayName="Opportunity" solution="FundraisingandEngagement (1.1.3.21)" />
        <Dependent key="64" type="60" displayName="Fundraising: Information" parentDisplayName="Opportunity" id="{21708dfd-cee1-4f94-8398-5c48ed0abce9}" />
      </MissingDependency>
      <MissingDependency>
        <Required key="96" type="2" schemaName="msnfp_firstreport" displayName="First Report" parentSchemaName="opportunity" parentDisplayName="Opportunity" solution="FundraisingandEngagement (1.1.3.21)" />
        <Dependent key="64" type="60" displayName="Fundraising: Information" parentDisplayName="Opportunity" id="{21708dfd-cee1-4f94-8398-5c48ed0abce9}" />
      </MissingDependency>
      <MissingDependency>
        <Required key="97" type="2" schemaName="totalamountlessfreight" displayName="Total Pre-Freight Amount" parentSchemaName="opportunity" parentDisplayName="Opportunity" solution="msdynce_Sales (9.0.4.0076)" />
        <Dependent key="64" type="60" displayName="Fundraising: Information" parentDisplayName="Opportunity" id="{21708dfd-cee1-4f94-8398-5c48ed0abce9}" />
      </MissingDependency>
      <MissingDependency>
        <Required key="98" type="2" schemaName="msnfp_eventid" displayName="Event" parentSchemaName="opportunity" parentDisplayName="Opportunity" solution="FundraisingandEngagement (1.1.3.21)" />
        <Dependent key="64" type="60" displayName="Fundraising: Information" parentDisplayName="Opportunity" id="{21708dfd-cee1-4f94-8398-5c48ed0abce9}" />
      </MissingDependency>
      <MissingDependency>
        <Required key="99" type="2" schemaName="statuscode" displayName="Status Reason" parentSchemaName="opportunity" parentDisplayName="Opportunity" solution="msdynce_Sales (9.0.4.0076)" />
        <Dependent key="64" type="60" displayName="Fundraising: Information" parentDisplayName="Opportunity" id="{21708dfd-cee1-4f94-8398-5c48ed0abce9}" />
      </MissingDependency>
      <MissingDependency>
        <Required key="100" type="2" schemaName="modifiedby" displayName="Modified By" parentSchemaName="opportunity" parentDisplayName="Opportunity" solution="msdynce_Sales (9.0.4.0076)" />
        <Dependent key="64" type="60" displayName="Fundraising: Information" parentDisplayName="Opportunity" id="{21708dfd-cee1-4f94-8398-5c48ed0abce9}" />
      </MissingDependency>
      <MissingDependency>
        <Required key="101" type="2" schemaName="msnfp_expectedamount" displayName="Expected Amount" parentSchemaName="opportunity" parentDisplayName="Opportunity" solution="FundraisingandEngagement (1.1.3.21)" />
        <Dependent key="64" type="60" displayName="Fundraising: Information" parentDisplayName="Opportunity" id="{21708dfd-cee1-4f94-8398-5c48ed0abce9}" />
      </MissingDependency>
      <MissingDependency>
        <Required key="102" type="2" schemaName="totaltax" displayName="Total Tax" parentSchemaName="opportunity" parentDisplayName="Opportunity" solution="msdynce_Sales (9.0.4.0076)" />
        <Dependent key="64" type="60" displayName="Fundraising: Information" parentDisplayName="Opportunity" id="{21708dfd-cee1-4f94-8398-5c48ed0abce9}" />
      </MissingDependency>
      <MissingDependency>
        <Required key="103" type="2" schemaName="msnfp_opportunity_defaultdesignationid" displayName="Default Designation" parentSchemaName="opportunity" parentDisplayName="Opportunity" solution="FundraisingandEngagement (1.1.3.21)" />
        <Dependent key="64" type="60" displayName="Fundraising: Information" parentDisplayName="Opportunity" id="{21708dfd-cee1-4f94-8398-5c48ed0abce9}" />
      </MissingDependency>
      <MissingDependency>
        <Required key="104" type="2" schemaName="name" displayName="Topic" parentSchemaName="opportunity" parentDisplayName="Opportunity" solution="msdynce_Sales (9.0.4.0076)" />
        <Dependent key="64" type="60" displayName="Fundraising: Information" parentDisplayName="Opportunity" id="{21708dfd-cee1-4f94-8398-5c48ed0abce9}" />
      </MissingDependency>
      <MissingDependency>
        <Required key="105" type="2" schemaName="msnfp_solicitationtype" displayName="Solicitation Type" parentSchemaName="opportunity" parentDisplayName="Opportunity" solution="FundraisingandEngagement (1.1.3.21)" />
        <Dependent key="64" type="60" displayName="Fundraising: Information" parentDisplayName="Opportunity" id="{21708dfd-cee1-4f94-8398-5c48ed0abce9}" />
      </MissingDependency>
      <MissingDependency>
        <Required key="106" type="2" schemaName="createdon" displayName="Created On" parentSchemaName="opportunity" parentDisplayName="Opportunity" solution="msdynce_Sales (9.0.4.0076)" />
        <Dependent key="64" type="60" displayName="Fundraising: Information" parentDisplayName="Opportunity" id="{21708dfd-cee1-4f94-8398-5c48ed0abce9}" />
      </MissingDependency>
      <MissingDependency>
        <Required key="107" type="2" schemaName="parentbundleidref" displayName="Parent bundle product" parentSchemaName="opportunityproduct" parentDisplayName="Opportunity Product" solution="msdynce_SalesPatch (9.0.1904.3002)" />
        <Dependent key="64" type="60" displayName="Fundraising: Information" parentDisplayName="Opportunity" id="{21708dfd-cee1-4f94-8398-5c48ed0abce9}" />
      </MissingDependency>
      <MissingDependency>
        <Required key="108" type="2" schemaName="totalamount" displayName="Total Amount" parentSchemaName="opportunity" parentDisplayName="Opportunity" solution="msdynce_Sales (9.0.4.0076)" />
        <Dependent key="64" type="60" displayName="Fundraising: Information" parentDisplayName="Opportunity" id="{21708dfd-cee1-4f94-8398-5c48ed0abce9}" />
      </MissingDependency>
      <MissingDependency>
        <Required key="109" type="2" schemaName="discountpercentage" displayName="Opportunity Discount (%)" parentSchemaName="opportunity" parentDisplayName="Opportunity" solution="msdynce_Sales (9.0.4.0076)" />
        <Dependent key="64" type="60" displayName="Fundraising: Information" parentDisplayName="Opportunity" id="{21708dfd-cee1-4f94-8398-5c48ed0abce9}" />
      </MissingDependency>
      <MissingDependency>
        <Required key="110" type="2" schemaName="discountamount" displayName="Opportunity Discount Amount" parentSchemaName="opportunity" parentDisplayName="Opportunity" solution="msdynce_Sales (9.0.4.0076)" />
        <Dependent key="64" type="60" displayName="Fundraising: Information" parentDisplayName="Opportunity" id="{21708dfd-cee1-4f94-8398-5c48ed0abce9}" />
      </MissingDependency>
      <MissingDependency>
        <Required key="111" type="2" schemaName="msnfp_appealid" displayName="Appeal" parentSchemaName="opportunity" parentDisplayName="Opportunity" solution="FundraisingandEngagement (1.1.3.21)" />
        <Dependent key="64" type="60" displayName="Fundraising: Information" parentDisplayName="Opportunity" id="{21708dfd-cee1-4f94-8398-5c48ed0abce9}" />
      </MissingDependency>
      <MissingDependency>
        <Required key="112" type="2" schemaName="totallineitemamount" displayName="Total Detail Amount" parentSchemaName="opportunity" parentDisplayName="Opportunity" solution="msdynce_Sales (9.0.4.0076)" />
        <Dependent key="64" type="60" displayName="Fundraising: Information" parentDisplayName="Opportunity" id="{21708dfd-cee1-4f94-8398-5c48ed0abce9}" />
      </MissingDependency>
      <MissingDependency>
        <Required key="113" type="10" schemaName="msnfp_objective_opportunity_ObjectiveId" displayName="msnfp_objective_opportunity_ObjectiveId" parentSchemaName="msnfp_objective" parentDisplayName="Objective" solution="FundraisingandEngagement (1.1.3.21)" />
        <Dependent key="64" type="60" displayName="Fundraising: Information" parentDisplayName="Opportunity" id="{21708dfd-cee1-4f94-8398-5c48ed0abce9}" />
      </MissingDependency>
      <MissingDependency>
        <Required key="114" type="10" schemaName="msnfp_event_opportunity_EventId" displayName="msnfp_event_opportunity_EventId" parentSchemaName="msnfp_event" parentDisplayName="Event" solution="FundraisingandEngagement (1.1.3.21)" />
        <Dependent key="64" type="60" displayName="Fundraising: Information" parentDisplayName="Opportunity" id="{21708dfd-cee1-4f94-8398-5c48ed0abce9}" />
      </MissingDependency>
      <MissingDependency>
        <Required key="115" type="10" schemaName="msnfp_systemuser_opportunity_OpportunityManagerId" displayName="msnfp_systemuser_opportunity_OpportunityManagerId" parentSchemaName="systemuser" parentDisplayName="User" solution="FundraisingandEngagement (1.1.3.21)" />
        <Dependent key="64" type="60" displayName="Fundraising: Information" parentDisplayName="Opportunity" id="{21708dfd-cee1-4f94-8398-5c48ed0abce9}" />
      </MissingDependency>
      <MissingDependency>
        <Required key="116" type="10" schemaName="msnfp_opportunity_msnfp_donorcommitment" displayName="msnfp_opportunity_msnfp_donorcommitment" parentSchemaName="opportunity" parentDisplayName="Opportunity" solution="FundraisingandEngagement (1.1.3.21)" />
        <Dependent key="64" type="60" displayName="Fundraising: Information" parentDisplayName="Opportunity" id="{21708dfd-cee1-4f94-8398-5c48ed0abce9}" />
      </MissingDependency>
      <MissingDependency>
        <Required key="117" type="10" schemaName="msnfp_contact_opportunity_SolicitorId" displayName="msnfp_contact_opportunity_SolicitorId" parentSchemaName="contact" parentDisplayName="Contact" solution="FundraisingandEngagement (1.1.3.21)" />
        <Dependent key="64" type="60" displayName="Fundraising: Information" parentDisplayName="Opportunity" id="{21708dfd-cee1-4f94-8398-5c48ed0abce9}" />
      </MissingDependency>
      <MissingDependency>
        <Required key="118" type="10" schemaName="msnfp_appeal_opportunity_AppealId" displayName="msnfp_appeal_opportunity_AppealId" parentSchemaName="msnfp_appeal" parentDisplayName="Appeal" solution="FundraisingandEngagement (1.1.3.21)" />
        <Dependent key="64" type="60" displayName="Fundraising: Information" parentDisplayName="Opportunity" id="{21708dfd-cee1-4f94-8398-5c48ed0abce9}" />
      </MissingDependency>
      <MissingDependency>
        <Required key="119" type="10" schemaName="msnfp_opportunity_msnfp_opportunitystage_OpportunityId" displayName="msnfp_opportunity_msnfp_opportunitystage_OpportunityId" parentSchemaName="opportunity" parentDisplayName="Opportunity" solution="FundraisingandEngagement (1.1.3.21)" />
        <Dependent key="64" type="60" displayName="Fundraising: Information" parentDisplayName="Opportunity" id="{21708dfd-cee1-4f94-8398-5c48ed0abce9}" />
      </MissingDependency>
      <MissingDependency>
        <Required key="120" type="10" schemaName="msnfp_designationPlan_opportunity" displayName="msnfp_designationPlan_opportunity" parentSchemaName="opportunity" parentDisplayName="Opportunity" solution="FundraisingandEngagement (1.1.3.21)" />
        <Dependent key="64" type="60" displayName="Fundraising: Information" parentDisplayName="Opportunity" id="{21708dfd-cee1-4f94-8398-5c48ed0abce9}" />
      </MissingDependency>
      <MissingDependency>
        <Required key="121" type="10" schemaName="msnfp_opportunity_msnfp_report_OpportunityId" displayName="msnfp_opportunity_msnfp_report_OpportunityId" parentSchemaName="opportunity" parentDisplayName="Opportunity" solution="FundraisingandEngagement (1.1.3.21)" />
        <Dependent key="64" type="60" displayName="Fundraising: Information" parentDisplayName="Opportunity" id="{21708dfd-cee1-4f94-8398-5c48ed0abce9}" />
      </MissingDependency>
      <MissingDependency>
        <Required key="122" type="10" schemaName="msnfp_appeal_msnfp_package_AppealId" displayName="msnfp_appeal_msnfp_package_AppealId" parentSchemaName="msnfp_appeal" parentDisplayName="Appeal" solution="FundraisingandEngagement (1.1.3.21)" />
        <Dependent key="64" type="60" displayName="Fundraising: Information" parentDisplayName="Opportunity" id="{21708dfd-cee1-4f94-8398-5c48ed0abce9}" />
      </MissingDependency>
      <MissingDependency>
        <Required key="123" type="10" schemaName="msnfp_opportunity_msnfp_opportunitypreference_OpportunityId" displayName="msnfp_opportunity_msnfp_opportunitypreference_OpportunityId" parentSchemaName="opportunity" parentDisplayName="Opportunity" solution="FundraisingandEngagement (1.1.3.21)" />
        <Dependent key="64" type="60" displayName="Fundraising: Information" parentDisplayName="Opportunity" id="{21708dfd-cee1-4f94-8398-5c48ed0abce9}" />
      </MissingDependency>
      <MissingDependency>
        <Required key="124" type="10" schemaName="msnfp_msnfp_package_opportunity_PackageId" displayName="msnfp_msnfp_package_opportunity_PackageId" parentSchemaName="msnfp_package" parentDisplayName="Package" solution="FundraisingandEngagement (1.1.3.21)" />
        <Dependent key="64" type="60" displayName="Fundraising: Information" parentDisplayName="Opportunity" id="{21708dfd-cee1-4f94-8398-5c48ed0abce9}" />
      </MissingDependency>
      <MissingDependency>
        <Required key="125" type="10" schemaName="msnfp_opportunity_defaultDesignation" displayName="msnfp_opportunity_defaultDesignation" parentSchemaName="msnfp_designation" parentDisplayName="Designation" solution="FundraisingandEngagement (1.1.3.21)" />
        <Dependent key="64" type="60" displayName="Fundraising: Information" parentDisplayName="Opportunity" id="{21708dfd-cee1-4f94-8398-5c48ed0abce9}" />
      </MissingDependency>
      <MissingDependency>
        <Required key="126" type="10" schemaName="msnfp_campaign_msnfp_appeal" displayName="msnfp_campaign_msnfp_appeal" parentSchemaName="campaign" parentDisplayName="Campaign" solution="FundraisingandEngagement (1.1.3.21)" />
        <Dependent key="64" type="60" displayName="Fundraising: Information" parentDisplayName="Opportunity" id="{21708dfd-cee1-4f94-8398-5c48ed0abce9}" />
      </MissingDependency>
      <MissingDependency>
        <Required key="127" type="26" schemaName="Designation Lookup View" displayName="Designation Lookup View" parentSchemaName="msnfp_designation" parentDisplayName="Designation" solution="NonprofitCore (3.0.3.0)" id="{0d69fade-f4fb-4c97-8d59-08e9839563d0}" />
        <Dependent key="64" type="60" displayName="Fundraising: Information" parentDisplayName="Opportunity" id="{21708dfd-cee1-4f94-8398-5c48ed0abce9}" />
      </MissingDependency>
      <MissingDependency>
        <Required key="128" type="26" schemaName="Package Lookup View" displayName="Package Lookup View" parentSchemaName="msnfp_package" parentDisplayName="Package" solution="FundraisingandEngagement (1.1.3.21)" id="{1884565f-16e1-4806-a42c-71fbd3aef083}" />
        <Dependent key="64" type="60" displayName="Fundraising: Information" parentDisplayName="Opportunity" id="{21708dfd-cee1-4f94-8398-5c48ed0abce9}" />
      </MissingDependency>
      <MissingDependency>
        <Required key="129" type="26" schemaName="Objective Lookup View" displayName="Objective Lookup View" parentSchemaName="msnfp_objective" parentDisplayName="Objective" solution="NonprofitCore (3.0.3.0)" id="{8f0ffac5-a0ea-46d8-a4a2-3f27460cffae}" />
        <Dependent key="64" type="60" displayName="Fundraising: Information" parentDisplayName="Opportunity" id="{21708dfd-cee1-4f94-8398-5c48ed0abce9}" />
      </MissingDependency>
      <MissingDependency>
        <Required key="130" type="26" schemaName="Campaign Lookup View" displayName="Campaign Lookup View" parentSchemaName="campaign" parentDisplayName="Campaign" solution="msdynce_Marketing (9.0.4.37)" id="{0e76dc73-2052-484e-8c00-a760f8d522ec}" />
        <Dependent key="64" type="60" displayName="Fundraising: Information" parentDisplayName="Opportunity" id="{21708dfd-cee1-4f94-8398-5c48ed0abce9}" />
      </MissingDependency>
      <MissingDependency>
        <Required key="131" type="26" schemaName="Opportunity Product Inline Edit View: Bundle Products" displayName="Opportunity Product Inline Edit View: Bundle Products" parentSchemaName="opportunityproduct" parentDisplayName="Opportunity Product" solution="msdynce_SalesPatch (9.0.1904.3002)" id="{e175dfbf-8eae-4af2-9dd2-68c43c14d40f}" />
        <Dependent key="64" type="60" displayName="Fundraising: Information" parentDisplayName="Opportunity" id="{21708dfd-cee1-4f94-8398-5c48ed0abce9}" />
      </MissingDependency>
      <MissingDependency>
        <Required key="132" type="26" schemaName="Event Lookup View" displayName="Event Lookup View" parentSchemaName="msnfp_event" parentDisplayName="Event" solution="FundraisingandEngagement (1.1.3.21)" id="{9e4f22c1-3a5a-4c21-8a1d-e85c0fefe800}" />
        <Dependent key="64" type="60" displayName="Fundraising: Information" parentDisplayName="Opportunity" id="{21708dfd-cee1-4f94-8398-5c48ed0abce9}" />
      </MissingDependency>
      <MissingDependency>
        <Required key="133" type="26" schemaName="Opportunity Product Inline Edit View" displayName="Opportunity Product Inline Edit View" parentSchemaName="opportunityproduct" parentDisplayName="Opportunity Product" solution="msdynce_Sales (9.0.4.0076)" id="{01010de7-749e-4fe6-8037-aca560a4fcbe}" />
        <Dependent key="64" type="60" displayName="Fundraising: Information" parentDisplayName="Opportunity" id="{21708dfd-cee1-4f94-8398-5c48ed0abce9}" />
      </MissingDependency>
      <MissingDependency>
        <Required key="134" type="26" schemaName="Appeal Lookup View" displayName="Appeal Lookup View" parentSchemaName="msnfp_appeal" parentDisplayName="Appeal" solution="FundraisingandEngagement (1.1.3.21)" id="{1d815714-25e2-47ae-bed4-fe23d50b864e}" />
        <Dependent key="64" type="60" displayName="Fundraising: Information" parentDisplayName="Opportunity" id="{21708dfd-cee1-4f94-8398-5c48ed0abce9}" />
      </MissingDependency>
      <MissingDependency>
        <Required key="64" type="60" displayName="Fundraising: Information" parentDisplayName="Opportunity" solution="FundraisingandEngagement (1.1.3.21)" id="{21708dfd-cee1-4f94-8398-5c48ed0abce9}" />
        <Dependent key="64" type="60" displayName="Fundraising: Information" parentDisplayName="Opportunity" id="{21708dfd-cee1-4f94-8398-5c48ed0abce9}" />
      </MissingDependency>
      <MissingDependency>
        <Required key="58" type="66" schemaName="MscrmControls.LinkedInIntegration.LinkedInLeadLookupControl" displayName="MscrmControls.LinkedInIntegration.LinkedInLeadLookupControl" solution="LinkedInSalesNavigatorControlsForUnifiedClient (3.0.1.0900)" />
        <Dependent key="64" type="60" displayName="Fundraising: Information" parentDisplayName="Opportunity" id="{21708dfd-cee1-4f94-8398-5c48ed0abce9}" />
      </MissingDependency>
      <MissingDependency>
        <Required key="135" type="66" schemaName="MscrmControls.LinkedInIntegration.LinkedInAccountLookupControl" displayName="MscrmControls.LinkedInIntegration.LinkedInAccountLookupControl" solution="LinkedInSalesNavigatorControlsForUnifiedClient (3.0.1.0900)" />
        <Dependent key="64" type="60" displayName="Fundraising: Information" parentDisplayName="Opportunity" id="{21708dfd-cee1-4f94-8398-5c48ed0abce9}" />
      </MissingDependency>
      <MissingDependency>
        <Required key="136" type="66" schemaName="MscrmControls.Grid.GridControl" displayName="MscrmControls.Grid.GridControl" solution="BaseCustomControlsCore (9.0.2011.6000)" />
        <Dependent key="64" type="60" displayName="Fundraising: Information" parentDisplayName="Opportunity" id="{21708dfd-cee1-4f94-8398-5c48ed0abce9}" />
      </MissingDependency>
      <MissingDependency>
        <Required key="137" type="61" schemaName="msnfp_/webpages/opportunityreportingplan.html" displayName="msnfp_/webpages/opportunityreportingplan.html" solution="FundraisingandEngagement (1.1.3.21)" />
        <Dependent key="64" type="60" displayName="Fundraising: Information" parentDisplayName="Opportunity" id="{21708dfd-cee1-4f94-8398-5c48ed0abce9}" />
      </MissingDependency>
      <MissingDependency>
        <Required key="138" type="61" schemaName="msnfp_/webpages/opportunitystages.html" displayName="msnfp_/webpages/opportunitystages.html" solution="FundraisingandEngagement (1.1.3.21)" />
        <Dependent key="64" type="60" displayName="Fundraising: Information" parentDisplayName="Opportunity" id="{21708dfd-cee1-4f94-8398-5c48ed0abce9}" />
      </MissingDependency>
      <MissingDependency>
        <Required key="62" type="61" schemaName="msnfp_/scripts/jquery.js" displayName="msnfp_/scripts/jquery.js" solution="FundraisingandEngagement (1.1.3.21)" />
        <Dependent key="64" type="60" displayName="Fundraising: Information" parentDisplayName="Opportunity" id="{21708dfd-cee1-4f94-8398-5c48ed0abce9}" />
      </MissingDependency>
      <MissingDependency>
        <Required key="139" type="61" schemaName="msnfp_/webpages/opportunitydesignationplan.html" displayName="msnfp_/webpages/opportunitydesignationplan.html" solution="FundraisingandEngagement (1.1.3.21)" />
        <Dependent key="64" type="60" displayName="Fundraising: Information" parentDisplayName="Opportunity" id="{21708dfd-cee1-4f94-8398-5c48ed0abce9}" />
      </MissingDependency>
      <MissingDependency>
        <Required key="140" type="61" schemaName="msnfp_/scripts/autopopulatedfieldsforgifts.js" displayName="msnfp_/scripts/autopopulatedfieldsforgifts.js" solution="FundraisingandEngagement (1.1.3.21)" />
        <Dependent key="64" type="60" displayName="Fundraising: Information" parentDisplayName="Opportunity" id="{21708dfd-cee1-4f94-8398-5c48ed0abce9}" />
      </MissingDependency>
      <MissingDependency>
        <Required key="141" type="61" schemaName="msnfp_/webpages/opportunityexistingpreferences.html" displayName="msnfp_/webpages/opportunityexistingpreferences.html" solution="FundraisingandEngagement (1.1.3.21)" />
        <Dependent key="64" type="60" displayName="Fundraising: Information" parentDisplayName="Opportunity" id="{21708dfd-cee1-4f94-8398-5c48ed0abce9}" />
      </MissingDependency>
      <MissingDependency>
        <Required key="142" type="61" schemaName="msnfp_/scripts/opportunityredirecttoform.js" displayName="msnfp_/scripts/opportunityredirecttoform.js" solution="FundraisingandEngagement (1.1.3.21)" />
        <Dependent key="64" type="60" displayName="Fundraising: Information" parentDisplayName="Opportunity" id="{21708dfd-cee1-4f94-8398-5c48ed0abce9}" />
      </MissingDependency>
      <MissingDependency>
        <Required key="143" type="61" schemaName="msnfp_/webpages/opportunitypreferences.html" displayName="msnfp_/webpages/opportunitypreferences.html" solution="FundraisingandEngagement (1.1.3.21)" />
        <Dependent key="64" type="60" displayName="Fundraising: Information" parentDisplayName="Opportunity" id="{21708dfd-cee1-4f94-8398-5c48ed0abce9}" />
      </MissingDependency>
      <MissingDependency>
        <Required key="60" type="61" schemaName="msnfp_/scripts/common.js" displayName="msnfp_/scripts/common.js" solution="FundraisingandEngagement (1.1.3.21)" />
        <Dependent key="64" type="60" displayName="Fundraising: Information" parentDisplayName="Opportunity" id="{21708dfd-cee1-4f94-8398-5c48ed0abce9}" />
      </MissingDependency>
      <MissingDependency>
        <Required key="4" type="1" schemaName="msnfp_preference" displayName="Preference" solution="NonprofitCore (3.0.3.0)" />
        <Dependent key="144" type="60" displayName="Fundraising: Contact" parentDisplayName="Contact" id="{67cc8726-db9b-445e-88ee-171fe5388f87}" />
      </MissingDependency>
      <MissingDependency>
        <Required key="1" type="1" schemaName="msnfp_paymentschedule" displayName="Payment Schedule" solution="NonprofitCore (3.0.3.0)" />
        <Dependent key="144" type="60" displayName="Fundraising: Contact" parentDisplayName="Contact" id="{67cc8726-db9b-445e-88ee-171fe5388f87}" />
      </MissingDependency>
      <MissingDependency>
        <Required key="5" type="1" schemaName="msnfp_donorcommitment" displayName="Donor Commitment" solution="NonprofitCore (3.0.3.0)" />
        <Dependent key="144" type="60" displayName="Fundraising: Contact" parentDisplayName="Contact" id="{67cc8726-db9b-445e-88ee-171fe5388f87}" />
      </MissingDependency>
      <MissingDependency>
        <Required key="3" type="1" schemaName="msnfp_transaction" displayName="Transaction" solution="NonprofitCore (3.0.3.0)" />
        <Dependent key="144" type="60" displayName="Fundraising: Contact" parentDisplayName="Contact" id="{67cc8726-db9b-445e-88ee-171fe5388f87}" />
      </MissingDependency>
      <MissingDependency>
        <Required key="6" type="1" schemaName="msnfp_addresschange" displayName="Address Change" solution="FundraisingandEngagement (1.1.3.21)" />
        <Dependent key="144" type="60" displayName="Fundraising: Contact" parentDisplayName="Contact" id="{67cc8726-db9b-445e-88ee-171fe5388f87}" />
      </MissingDependency>
      <MissingDependency>
        <Required key="145" type="2" schemaName="msnfp_primarymembershipid" displayName="Primary Membership" parentSchemaName="contact" parentDisplayName="Contact" solution="FundraisingandEngagement (1.1.3.21)" />
        <Dependent key="144" type="60" displayName="Fundraising: Contact" parentDisplayName="Contact" id="{67cc8726-db9b-445e-88ee-171fe5388f87}" />
      </MissingDependency>
      <MissingDependency>
        <Required key="146" type="2" schemaName="msnfp_twitter" displayName="Twitter" parentSchemaName="contact" parentDisplayName="Contact" solution="FundraisingandEngagement (1.1.3.21)" />
        <Dependent key="144" type="60" displayName="Fundraising: Contact" parentDisplayName="Contact" id="{67cc8726-db9b-445e-88ee-171fe5388f87}" />
      </MissingDependency>
      <MissingDependency>
        <Required key="147" type="2" schemaName="msnfp_whatsappprofile" displayName="What's App" parentSchemaName="contact" parentDisplayName="Contact" solution="FundraisingandEngagement (1.1.3.21)" />
        <Dependent key="144" type="60" displayName="Fundraising: Contact" parentDisplayName="Contact" id="{67cc8726-db9b-445e-88ee-171fe5388f87}" />
      </MissingDependency>
      <MissingDependency>
        <Required key="148" type="2" schemaName="msnfp_lasttransactiondate" displayName="Last Transaction Date" parentSchemaName="contact" parentDisplayName="Contact" solution="FundraisingandEngagement (1.1.3.21)" />
        <Dependent key="144" type="60" displayName="Fundraising: Contact" parentDisplayName="Contact" id="{67cc8726-db9b-445e-88ee-171fe5388f87}" />
      </MissingDependency>
      <MissingDependency>
        <Required key="149" type="2" schemaName="msnfp_year0_giving" displayName="Current Year Giving" parentSchemaName="contact" parentDisplayName="Contact" solution="FundraisingandEngagement (1.1.3.21)" />
        <Dependent key="144" type="60" displayName="Fundraising: Contact" parentDisplayName="Contact" id="{67cc8726-db9b-445e-88ee-171fe5388f87}" />
      </MissingDependency>
      <MissingDependency>
        <Required key="150" type="2" schemaName="msnfp_solicitcode" displayName="Solicitation Status" parentSchemaName="contact" parentDisplayName="Contact" solution="FundraisingandEngagement (1.1.3.21)" />
        <Dependent key="144" type="60" displayName="Fundraising: Contact" parentDisplayName="Contact" id="{67cc8726-db9b-445e-88ee-171fe5388f87}" />
      </MissingDependency>
      <MissingDependency>
        <Required key="151" type="2" schemaName="msnfp_facebookprofile" displayName="Facebook" parentSchemaName="contact" parentDisplayName="Contact" solution="FundraisingandEngagement (1.1.3.21)" />
        <Dependent key="144" type="60" displayName="Fundraising: Contact" parentDisplayName="Contact" id="{67cc8726-db9b-445e-88ee-171fe5388f87}" />
      </MissingDependency>
      <MissingDependency>
        <Required key="152" type="2" schemaName="msnfp_formalsalutation" displayName="Formal Salutation" parentSchemaName="contact" parentDisplayName="Contact" solution="FundraisingandEngagement (1.1.3.21)" />
        <Dependent key="144" type="60" displayName="Fundraising: Contact" parentDisplayName="Contact" id="{67cc8726-db9b-445e-88ee-171fe5388f87}" />
      </MissingDependency>
      <MissingDependency>
        <Required key="153" type="2" schemaName="msnfp_lasttransactionid" displayName="Last Transaction" parentSchemaName="contact" parentDisplayName="Contact" solution="FundraisingandEngagement (1.1.3.21)" />
        <Dependent key="144" type="60" displayName="Fundraising: Contact" parentDisplayName="Contact" id="{67cc8726-db9b-445e-88ee-171fe5388f87}" />
      </MissingDependency>
      <MissingDependency>
        <Required key="154" type="2" schemaName="msnfp_informalsalutation" displayName="Informal Salutation" parentSchemaName="contact" parentDisplayName="Contact" solution="FundraisingandEngagement (1.1.3.21)" />
        <Dependent key="144" type="60" displayName="Fundraising: Contact" parentDisplayName="Contact" id="{67cc8726-db9b-445e-88ee-171fe5388f87}" />
      </MissingDependency>
      <MissingDependency>
        <Required key="155" type="2" schemaName="msnfp_anonymity" displayName="Mark Donations as Anonymous?" parentSchemaName="contact" parentDisplayName="Contact" solution="FundraisingandEngagement (1.1.3.21)" />
        <Dependent key="144" type="60" displayName="Fundraising: Contact" parentDisplayName="Contact" id="{67cc8726-db9b-445e-88ee-171fe5388f87}" />
      </MissingDependency>
      <MissingDependency>
        <Required key="156" type="2" schemaName="msnfp_year4_giving" displayName="Fifth Year Giving" parentSchemaName="contact" parentDisplayName="Contact" solution="FundraisingandEngagement (1.1.3.21)" />
        <Dependent key="144" type="60" displayName="Fundraising: Contact" parentDisplayName="Contact" id="{67cc8726-db9b-445e-88ee-171fe5388f87}" />
      </MissingDependency>
      <MissingDependency>
        <Required key="157" type="2" schemaName="msnfp_vip" displayName="VIP" parentSchemaName="contact" parentDisplayName="Contact" solution="FundraisingandEngagement (1.1.3.21)" />
        <Dependent key="144" type="60" displayName="Fundraising: Contact" parentDisplayName="Contact" id="{67cc8726-db9b-445e-88ee-171fe5388f87}" />
      </MissingDependency>
      <MissingDependency>
        <Required key="158" type="2" schemaName="msnfp_linkedin" displayName="LinkedIn" parentSchemaName="contact" parentDisplayName="Contact" solution="FundraisingandEngagement (1.1.3.21)" />
        <Dependent key="144" type="60" displayName="Fundraising: Contact" parentDisplayName="Contact" id="{67cc8726-db9b-445e-88ee-171fe5388f87}" />
      </MissingDependency>
      <MissingDependency>
        <Required key="159" type="2" schemaName="msnfp_householdid" displayName="Household" parentSchemaName="contact" parentDisplayName="Contact" solution="FundraisingandEngagement (1.1.3.21)" />
        <Dependent key="144" type="60" displayName="Fundraising: Contact" parentDisplayName="Contact" id="{67cc8726-db9b-445e-88ee-171fe5388f87}" />
      </MissingDependency>
      <MissingDependency>
        <Required key="160" type="2" schemaName="msnfp_constituentnumber" displayName="Constituent Number" parentSchemaName="contact" parentDisplayName="Contact" solution="FundraisingandEngagement (1.1.3.21)" />
        <Dependent key="144" type="60" displayName="Fundraising: Contact" parentDisplayName="Contact" id="{67cc8726-db9b-445e-88ee-171fe5388f87}" />
      </MissingDependency>
      <MissingDependency>
        <Required key="161" type="2" schemaName="msnfp_lifetimegivingsum" displayName="Lifetime Giving Sum" parentSchemaName="contact" parentDisplayName="Contact" solution="FundraisingandEngagement (1.1.3.21)" />
        <Dependent key="144" type="60" displayName="Fundraising: Contact" parentDisplayName="Contact" id="{67cc8726-db9b-445e-88ee-171fe5388f87}" />
      </MissingDependency>
      <MissingDependency>
        <Required key="162" type="2" schemaName="msnfp_solicitdate" displayName="Solicit Date" parentSchemaName="contact" parentDisplayName="Contact" solution="FundraisingandEngagement (1.1.3.21)" />
        <Dependent key="144" type="60" displayName="Fundraising: Contact" parentDisplayName="Contact" id="{67cc8726-db9b-445e-88ee-171fe5388f87}" />
      </MissingDependency>
      <MissingDependency>
        <Required key="163" type="2" schemaName="msnfp_year3_giving" displayName="Fourth Year Giving" parentSchemaName="contact" parentDisplayName="Contact" solution="FundraisingandEngagement (1.1.3.21)" />
        <Dependent key="144" type="60" displayName="Fundraising: Contact" parentDisplayName="Contact" id="{67cc8726-db9b-445e-88ee-171fe5388f87}" />
      </MissingDependency>
      <MissingDependency>
        <Required key="164" type="2" schemaName="msnfp_preferredlanguagecode" displayName="Preferred Language" parentSchemaName="contact" parentDisplayName="Contact" solution="FundraisingandEngagement (1.1.3.21)" />
        <Dependent key="144" type="60" displayName="Fundraising: Contact" parentDisplayName="Contact" id="{67cc8726-db9b-445e-88ee-171fe5388f87}" />
      </MissingDependency>
      <MissingDependency>
        <Required key="165" type="2" schemaName="msnfp_year1_giving" displayName="Last Year's Giving" parentSchemaName="contact" parentDisplayName="Contact" solution="FundraisingandEngagement (1.1.3.21)" />
        <Dependent key="144" type="60" displayName="Fundraising: Contact" parentDisplayName="Contact" id="{67cc8726-db9b-445e-88ee-171fe5388f87}" />
      </MissingDependency>
      <MissingDependency>
        <Required key="166" type="2" schemaName="msnfp_householdrelationship" displayName="Household Relationship" parentSchemaName="contact" parentDisplayName="Contact" solution="FundraisingandEngagement (1.1.3.21)" />
        <Dependent key="144" type="60" displayName="Fundraising: Contact" parentDisplayName="Contact" id="{67cc8726-db9b-445e-88ee-171fe5388f87}" />
      </MissingDependency>
      <MissingDependency>
        <Required key="167" type="2" schemaName="msnfp_primaryconstituenttype" displayName="Primary Constituent Type" parentSchemaName="contact" parentDisplayName="Contact" solution="NonprofitCore (3.0.3.0)" />
        <Dependent key="144" type="60" displayName="Fundraising: Contact" parentDisplayName="Contact" id="{67cc8726-db9b-445e-88ee-171fe5388f87}" />
      </MissingDependency>
      <MissingDependency>
        <Required key="168" type="2" schemaName="msnfp_instagramprofile" displayName="Instagram" parentSchemaName="contact" parentDisplayName="Contact" solution="FundraisingandEngagement (1.1.3.21)" />
        <Dependent key="144" type="60" displayName="Fundraising: Contact" parentDisplayName="Contact" id="{67cc8726-db9b-445e-88ee-171fe5388f87}" />
      </MissingDependency>
      <MissingDependency>
        <Required key="169" type="2" schemaName="msnfp_givinglevelid" displayName="Giving Level" parentSchemaName="contact" parentDisplayName="Contact" solution="FundraisingandEngagement (1.1.3.21)" />
        <Dependent key="144" type="60" displayName="Fundraising: Contact" parentDisplayName="Contact" id="{67cc8726-db9b-445e-88ee-171fe5388f87}" />
      </MissingDependency>
      <MissingDependency>
        <Required key="170" type="2" schemaName="msnfp_receiptpreferencecode" displayName="Receipt Preference" parentSchemaName="contact" parentDisplayName="Contact" solution="FundraisingandEngagement (1.1.3.21)" />
        <Dependent key="144" type="60" displayName="Fundraising: Contact" parentDisplayName="Contact" id="{67cc8726-db9b-445e-88ee-171fe5388f87}" />
      </MissingDependency>
      <MissingDependency>
        <Required key="171" type="2" schemaName="msnfp_year2_giving" displayName="Third Year Giving" parentSchemaName="contact" parentDisplayName="Contact" solution="FundraisingandEngagement (1.1.3.21)" />
        <Dependent key="144" type="60" displayName="Fundraising: Contact" parentDisplayName="Contact" id="{67cc8726-db9b-445e-88ee-171fe5388f87}" />
      </MissingDependency>
      <MissingDependency>
        <Required key="172" type="2" schemaName="msnfp_deceased" displayName="Deceased?" parentSchemaName="contact" parentDisplayName="Contact" solution="NonprofitCore (3.0.3.0)" />
        <Dependent key="144" type="60" displayName="Fundraising: Contact" parentDisplayName="Contact" id="{67cc8726-db9b-445e-88ee-171fe5388f87}" />
      </MissingDependency>
      <MissingDependency>
        <Required key="173" type="10" schemaName="msnfp_GivingLevelInstance_Contact" displayName="msnfp_GivingLevelInstance_Contact" parentSchemaName="msnfp_givinglevelinstance" parentDisplayName="Giving Level Instance" solution="FundraisingandEngagement (1.1.3.21)" />
        <Dependent key="144" type="60" displayName="Fundraising: Contact" parentDisplayName="Contact" id="{67cc8726-db9b-445e-88ee-171fe5388f87}" />
      </MissingDependency>
      <MissingDependency>
        <Required key="174" type="10" schemaName="msnfp_contactcustomer_msnfp_sponsorship" displayName="msnfp_contactcustomer_msnfp_sponsorship" parentSchemaName="contact" parentDisplayName="Contact" solution="FundraisingandEngagement (1.1.3.21)" />
        <Dependent key="144" type="60" displayName="Fundraising: Contact" parentDisplayName="Contact" id="{67cc8726-db9b-445e-88ee-171fe5388f87}" />
      </MissingDependency>
      <MissingDependency>
        <Required key="175" type="10" schemaName="msnfp_contact_msnfp_membership_Customer" displayName="msnfp_contact_msnfp_membership_Customer" parentSchemaName="msnfp_membership" parentDisplayName="Membership" solution="NonprofitCore (3.0.3.0)" />
        <Dependent key="144" type="60" displayName="Fundraising: Contact" parentDisplayName="Contact" id="{67cc8726-db9b-445e-88ee-171fe5388f87}" />
      </MissingDependency>
      <MissingDependency>
        <Required key="176" type="10" schemaName="msnfp_contactdonor_msnfp_receipt" displayName="msnfp_contactdonor_msnfp_receipt" parentSchemaName="contact" parentDisplayName="Contact" solution="FundraisingandEngagement (1.1.3.21)" />
        <Dependent key="144" type="60" displayName="Fundraising: Contact" parentDisplayName="Contact" id="{67cc8726-db9b-445e-88ee-171fe5388f87}" />
      </MissingDependency>
      <MissingDependency>
        <Required key="177" type="10" schemaName="msnfp_transaction_contact" displayName="msnfp_transaction_contact" parentSchemaName="msnfp_transaction" parentDisplayName="Transaction" solution="FundraisingandEngagement (1.1.3.21)" />
        <Dependent key="144" type="60" displayName="Fundraising: Contact" parentDisplayName="Contact" id="{67cc8726-db9b-445e-88ee-171fe5388f87}" />
      </MissingDependency>
      <MissingDependency>
        <Required key="178" type="10" schemaName="msnfp_account_contact_Household" displayName="msnfp_account_contact_Household" parentSchemaName="account" parentDisplayName="Account" solution="FundraisingandEngagement (1.1.3.21)" />
        <Dependent key="144" type="60" displayName="Fundraising: Contact" parentDisplayName="Contact" id="{67cc8726-db9b-445e-88ee-171fe5388f87}" />
      </MissingDependency>
      <MissingDependency>
        <Required key="179" type="10" schemaName="msnfp_contact_msnfp_ticket_customer" displayName="msnfp_contact_msnfp_ticket_customer" parentSchemaName="contact" parentDisplayName="Contact" solution="FundraisingandEngagement (1.1.3.21)" />
        <Dependent key="144" type="60" displayName="Fundraising: Contact" parentDisplayName="Contact" id="{67cc8726-db9b-445e-88ee-171fe5388f87}" />
      </MissingDependency>
      <MissingDependency>
        <Required key="180" type="10" schemaName="msnfp_contactdonor_msnfp_givinglevelinstance" displayName="msnfp_contactdonor_msnfp_givinglevelinstance" parentSchemaName="contact" parentDisplayName="Contact" solution="FundraisingandEngagement (1.1.3.21)" />
        <Dependent key="144" type="60" displayName="Fundraising: Contact" parentDisplayName="Contact" id="{67cc8726-db9b-445e-88ee-171fe5388f87}" />
      </MissingDependency>
      <MissingDependency>
        <Required key="181" type="10" schemaName="msnfp_contact_msnfp_refund_Customer" displayName="msnfp_contact_msnfp_refund_Customer" parentSchemaName="contact" parentDisplayName="Contact" solution="FundraisingandEngagement (1.1.3.21)" />
        <Dependent key="144" type="60" displayName="Fundraising: Contact" parentDisplayName="Contact" id="{67cc8726-db9b-445e-88ee-171fe5388f87}" />
      </MissingDependency>
      <MissingDependency>
        <Required key="182" type="10" schemaName="msnfp_contactto_msnfp_pledgematch" displayName="msnfp_contactto_msnfp_pledgematch" parentSchemaName="contact" parentDisplayName="Contact" solution="FundraisingandEngagement (1.1.3.21)" />
        <Dependent key="144" type="60" displayName="Fundraising: Contact" parentDisplayName="Contact" id="{67cc8726-db9b-445e-88ee-171fe5388f87}" />
      </MissingDependency>
      <MissingDependency>
        <Required key="183" type="10" schemaName="msnfp_Membership_msnfp_Contact" displayName="msnfp_Membership_msnfp_Contact" parentSchemaName="msnfp_membership" parentDisplayName="Membership" solution="FundraisingandEngagement (1.1.3.21)" />
        <Dependent key="144" type="60" displayName="Fundraising: Contact" parentDisplayName="Contact" id="{67cc8726-db9b-445e-88ee-171fe5388f87}" />
      </MissingDependency>
      <MissingDependency>
        <Required key="184" type="10" schemaName="msnfp_contactfrom_msnfp_pledgematch" displayName="msnfp_contactfrom_msnfp_pledgematch" parentSchemaName="contact" parentDisplayName="Contact" solution="FundraisingandEngagement (1.1.3.21)" />
        <Dependent key="144" type="60" displayName="Fundraising: Contact" parentDisplayName="Contact" id="{67cc8726-db9b-445e-88ee-171fe5388f87}" />
      </MissingDependency>
      <MissingDependency>
        <Required key="185" type="10" schemaName="msnfp_contact_msnfp_giftaiddeclaration" displayName="msnfp_contact_msnfp_giftaiddeclaration" parentSchemaName="contact" parentDisplayName="Contact" solution="FundraisingandEngagement (1.1.3.21)" />
        <Dependent key="144" type="60" displayName="Fundraising: Contact" parentDisplayName="Contact" id="{67cc8726-db9b-445e-88ee-171fe5388f87}" />
      </MissingDependency>
      <MissingDependency>
        <Required key="186" type="10" schemaName="msnfp_contactdonor_msnfp_eventpackage" displayName="msnfp_contactdonor_msnfp_eventpackage" parentSchemaName="contact" parentDisplayName="Contact" solution="FundraisingandEngagement (1.1.3.21)" />
        <Dependent key="144" type="60" displayName="Fundraising: Contact" parentDisplayName="Contact" id="{67cc8726-db9b-445e-88ee-171fe5388f87}" />
      </MissingDependency>
      <MissingDependency>
        <Required key="187" type="10" schemaName="msnfp_contactdonor_msnfp_transaction" displayName="msnfp_contactdonor_msnfp_transaction" parentSchemaName="contact" parentDisplayName="Contact" solution="FundraisingandEngagement (1.1.3.21)" />
        <Dependent key="144" type="60" displayName="Fundraising: Contact" parentDisplayName="Contact" id="{67cc8726-db9b-445e-88ee-171fe5388f87}" />
      </MissingDependency>
      <MissingDependency>
        <Required key="188" type="10" schemaName="msnfp_contact_msnfp_donorcommitment" displayName="msnfp_contact_msnfp_donorcommitment" parentSchemaName="contact" parentDisplayName="Contact" solution="FundraisingandEngagement (1.1.3.21)" />
        <Dependent key="144" type="60" displayName="Fundraising: Contact" parentDisplayName="Contact" id="{67cc8726-db9b-445e-88ee-171fe5388f87}" />
      </MissingDependency>
      <MissingDependency>
        <Required key="189" type="10" schemaName="msnfp_contact_msnfp_preference_preference_customer" displayName="msnfp_contact_msnfp_preference_preference_customer" parentSchemaName="msnfp_preference" parentDisplayName="Preference" solution="NonprofitCore (3.0.3.0)" />
        <Dependent key="144" type="60" displayName="Fundraising: Contact" parentDisplayName="Contact" id="{67cc8726-db9b-445e-88ee-171fe5388f87}" />
      </MissingDependency>
      <MissingDependency>
        <Required key="190" type="10" schemaName="msnfp_contactdonor_msnfp_paymentschedule" displayName="msnfp_contactdonor_msnfp_paymentschedule" parentSchemaName="contact" parentDisplayName="Contact" solution="FundraisingandEngagement (1.1.3.21)" />
        <Dependent key="144" type="60" displayName="Fundraising: Contact" parentDisplayName="Contact" id="{67cc8726-db9b-445e-88ee-171fe5388f87}" />
      </MissingDependency>
      <MissingDependency>
        <Required key="191" type="26" schemaName="Household Lookup" displayName="Household Lookup" parentSchemaName="account" parentDisplayName="Account" solution="FundraisingandEngagement (1.1.3.21)" id="{399d82d4-4dd7-ea11-a813-000d3a0c94a6}" />
        <Dependent key="144" type="60" displayName="Fundraising: Contact" parentDisplayName="Contact" id="{67cc8726-db9b-445e-88ee-171fe5388f87}" />
      </MissingDependency>
      <MissingDependency>
        <Required key="46" type="26" schemaName="Active Donor Commitments" displayName="Active Donor Commitments" parentSchemaName="msnfp_donorcommitment" parentDisplayName="Donor Commitment" solution="NonprofitCore (3.0.3.0)" id="{01527c1d-34a8-4777-9bf0-ae59178b8b1e}" />
        <Dependent key="144" type="60" displayName="Fundraising: Contact" parentDisplayName="Contact" id="{67cc8726-db9b-445e-88ee-171fe5388f87}" />
      </MissingDependency>
      <MissingDependency>
        <Required key="47" type="26" schemaName="All Address Changes" displayName="All Address Changes" parentSchemaName="msnfp_addresschange" parentDisplayName="Address Change" solution="FundraisingandEngagement (1.1.3.21)" id="{ef88580d-cf34-46a3-a880-881bbddd063a}" />
        <Dependent key="144" type="60" displayName="Fundraising: Contact" parentDisplayName="Contact" id="{67cc8726-db9b-445e-88ee-171fe5388f87}" />
      </MissingDependency>
      <MissingDependency>
        <Required key="50" type="26" schemaName="Membership Lookup View" displayName="Membership Lookup View" parentSchemaName="msnfp_membership" parentDisplayName="Membership" solution="NonprofitCore (3.0.3.0)" id="{99a8f36e-17e3-424b-ab56-76d2b67173b7}" />
        <Dependent key="144" type="60" displayName="Fundraising: Contact" parentDisplayName="Contact" id="{67cc8726-db9b-445e-88ee-171fe5388f87}" />
      </MissingDependency>
      <MissingDependency>
        <Required key="49" type="26" schemaName="Active Transactions" displayName="Active Transactions" parentSchemaName="msnfp_transaction" parentDisplayName="Transaction" solution="NonprofitCore (3.0.3.0)" id="{246c4b32-25d7-4110-bd29-4dee809a78f8}" />
        <Dependent key="144" type="60" displayName="Fundraising: Contact" parentDisplayName="Contact" id="{67cc8726-db9b-445e-88ee-171fe5388f87}" />
      </MissingDependency>
      <MissingDependency>
        <Required key="53" type="26" schemaName="My Open Address Changes" displayName="My Open Address Changes" parentSchemaName="msnfp_addresschange" parentDisplayName="Address Change" solution="FundraisingandEngagement (1.1.3.21)" id="{fdc35c07-cb9c-4d26-8086-b5deec96016c}" />
        <Dependent key="144" type="60" displayName="Fundraising: Contact" parentDisplayName="Contact" id="{67cc8726-db9b-445e-88ee-171fe5388f87}" />
      </MissingDependency>
      <MissingDependency>
        <Required key="51" type="26" schemaName="Active Preferences" displayName="Active Preferences" parentSchemaName="msnfp_preference" parentDisplayName="Preference" solution="NonprofitCore (3.0.3.0)" id="{39e7e428-fc67-480f-811f-b3141dbdd676}" />
        <Dependent key="144" type="60" displayName="Fundraising: Contact" parentDisplayName="Contact" id="{67cc8726-db9b-445e-88ee-171fe5388f87}" />
      </MissingDependency>
      <MissingDependency>
        <Required key="52" type="26" schemaName="Active Payment Schedules" displayName="Active Payment Schedules" parentSchemaName="msnfp_paymentschedule" parentDisplayName="Payment Schedule" solution="NonprofitCore (3.0.3.0)" id="{4ed6a86f-47a6-4abf-88f1-5f12b8b13295}" />
        <Dependent key="144" type="60" displayName="Fundraising: Contact" parentDisplayName="Contact" id="{67cc8726-db9b-445e-88ee-171fe5388f87}" />
      </MissingDependency>
      <MissingDependency>
        <Required key="48" type="26" schemaName="Transaction Lookup View" displayName="Transaction Lookup View" parentSchemaName="msnfp_transaction" parentDisplayName="Transaction" solution="NonprofitCore (3.0.3.0)" id="{2385d69e-8bf4-4451-8235-5f7484886883}" />
        <Dependent key="144" type="60" displayName="Fundraising: Contact" parentDisplayName="Contact" id="{67cc8726-db9b-445e-88ee-171fe5388f87}" />
      </MissingDependency>
      <MissingDependency>
        <Required key="55" type="59" schemaName="Commitment Type by Commitment Date" displayName="Commitment Type by Commitment Date" parentSchemaName="msnfp_donorcommitment" parentDisplayName="Donor Commitment" solution="NonprofitCore (3.0.3.0)" id="{20d64ddf-58d1-e811-a960-000d3a37870e}" />
        <Dependent key="144" type="60" displayName="Fundraising: Contact" parentDisplayName="Contact" id="{67cc8726-db9b-445e-88ee-171fe5388f87}" />
      </MissingDependency>
      <MissingDependency>
        <Required key="54" type="59" schemaName="Transactions Secured (No. of Transactions )" displayName="Transactions Secured (No. of Transactions )" parentSchemaName="msnfp_transaction" parentDisplayName="Transaction" solution="FundraisingandEngagement (1.1.3.21)" id="{b64acad2-c8a5-ea11-a812-000d3af3b5be}" />
        <Dependent key="144" type="60" displayName="Fundraising: Contact" parentDisplayName="Contact" id="{67cc8726-db9b-445e-88ee-171fe5388f87}" />
      </MissingDependency>
      <MissingDependency>
        <Required key="144" type="60" displayName="Fundraising: Contact" parentDisplayName="Contact" solution="FundraisingandEngagement (1.1.3.21)" id="{67cc8726-db9b-445e-88ee-171fe5388f87}" />
        <Dependent key="144" type="60" displayName="Fundraising: Contact" parentDisplayName="Contact" id="{67cc8726-db9b-445e-88ee-171fe5388f87}" />
      </MissingDependency>
      <MissingDependency>
        <Required key="192" type="66" schemaName="MscrmControls.LinkedInIntegration.LinkedInLeadControl" displayName="MscrmControls.LinkedInIntegration.LinkedInLeadControl" solution="LinkedInSalesNavigatorControlsForUnifiedClient (3.0.1.0900)" />
        <Dependent key="144" type="60" displayName="Fundraising: Contact" parentDisplayName="Contact" id="{67cc8726-db9b-445e-88ee-171fe5388f87}" />
      </MissingDependency>
      <MissingDependency>
        <Required key="135" type="66" schemaName="MscrmControls.LinkedInIntegration.LinkedInAccountLookupControl" displayName="MscrmControls.LinkedInIntegration.LinkedInAccountLookupControl" solution="LinkedInSalesNavigatorControlsForUnifiedClient (3.0.1.0900)" />
        <Dependent key="144" type="60" displayName="Fundraising: Contact" parentDisplayName="Contact" id="{67cc8726-db9b-445e-88ee-171fe5388f87}" />
      </MissingDependency>
      <MissingDependency>
        <Required key="61" type="61" schemaName="msnfp_/webpages/customersnapshot.html" displayName="msnfp_/webpages/customersnapshot.html" solution="FundraisingandEngagement (1.1.3.21)" />
        <Dependent key="144" type="60" displayName="Fundraising: Contact" parentDisplayName="Contact" id="{67cc8726-db9b-445e-88ee-171fe5388f87}" />
      </MissingDependency>
      <MissingDependency>
        <Required key="60" type="61" schemaName="msnfp_/scripts/common.js" displayName="msnfp_/scripts/common.js" solution="FundraisingandEngagement (1.1.3.21)" />
        <Dependent key="144" type="60" displayName="Fundraising: Contact" parentDisplayName="Contact" id="{67cc8726-db9b-445e-88ee-171fe5388f87}" />
      </MissingDependency>
      <MissingDependency>
        <Required key="62" type="61" schemaName="msnfp_/scripts/jquery.js" displayName="msnfp_/scripts/jquery.js" solution="FundraisingandEngagement (1.1.3.21)" />
        <Dependent key="144" type="60" displayName="Fundraising: Contact" parentDisplayName="Contact" id="{67cc8726-db9b-445e-88ee-171fe5388f87}" />
      </MissingDependency>
      <MissingDependency>
        <Required key="193" type="61" schemaName="msdyn_talkingpointsloader.js" displayName="msdyn_talkingpointsloader.js" solution="msdynce_Talkingpoints (9.0.1.701176)" />
        <Dependent key="144" type="60" displayName="Fundraising: Contact" parentDisplayName="Contact" id="{67cc8726-db9b-445e-88ee-171fe5388f87}" />
      </MissingDependency>
      <MissingDependency>
        <Required key="194" type="61" schemaName="msnfp_/scripts/contactform.js" displayName="msnfp_/scripts/contactform.js" solution="FundraisingandEngagement (1.1.3.21)" />
        <Dependent key="144" type="60" displayName="Fundraising: Contact" parentDisplayName="Contact" id="{67cc8726-db9b-445e-88ee-171fe5388f87}" />
      </MissingDependency>
    </MissingDependencies>
  </SolutionManifest>
</ImportExportXml>